array,site,months_active,black_bear,caribou,cougar,coyote,fisher,grey_wolf,lynx,moose,red_fox,red_squirrel,snowshoe_hare,white_tailed_deer,wolverine,absent_black_bear,absent_caribou,absent_cougar,absent_coyote,absent_fisher,absent_grey_wolf,absent_lynx,absent_moose,absent_red_fox,absent_white_tailed_deer,absent_wolverine,absent_snowshoe_hare,absent_red_squirrel
CL,CL_1,11,1,0,0,4,0,1,5,1,0,4,8,3,0,6,11,11,7,11,10,6,10,11,8,11,3,7
CL,CL_10,12,0,0,0,0,0,0,3,0,0,2,4,10,0,8,12,12,12,12,12,9,12,12,2,12,8,10
CL,CL_12,13,2,0,0,1,0,1,1,1,0,0,8,9,0,7,13,13,12,13,12,12,12,13,4,13,5,13
CL,CL_13,13,2,0,0,0,0,2,1,1,0,0,2,13,0,7,13,13,13,13,11,12,12,13,0,13,11,13
CL,CL_14,12,0,0,0,7,0,2,2,0,0,0,4,6,0,8,12,12,5,12,10,10,12,12,6,12,8,12
CL,CL_15,13,1,0,0,2,1,0,0,0,0,2,9,9,0,8,13,13,11,12,13,13,13,13,4,13,4,11
CL,CL_16,13,1,0,0,5,1,1,3,0,0,2,13,6,0,8,13,13,8,12,12,10,13,13,7,13,0,11
CL,CL_17,13,1,0,0,3,0,2,2,1,0,0,5,13,0,8,13,13,10,13,11,11,12,13,0,13,8,13
CL,CL_18,13,0,0,0,4,1,2,0,0,1,0,0,13,0,9,13,13,9,12,11,13,13,12,0,13,13,13
CL,CL_19,12,0,2,0,3,2,0,0,0,0,0,2,10,0,8,10,12,9,10,12,12,12,12,2,12,10,12
CL,CL_2,13,1,0,0,2,0,0,2,0,0,3,11,6,0,8,13,13,11,13,13,11,13,13,7,13,2,10
CL,CL_20,13,3,0,0,8,0,1,4,0,0,0,2,9,0,6,13,13,5,13,12,9,13,13,4,13,11,13
CL,CL_21,13,1,0,0,7,1,1,2,0,0,3,11,10,0,8,13,13,6,12,12,11,13,13,3,13,2,10
CL,CL_22,13,0,0,0,2,3,0,1,0,0,1,6,5,0,9,13,13,11,10,13,12,13,13,8,13,7,12
CL,CL_23,13,2,0,0,1,0,0,4,0,0,0,3,7,0,7,13,13,12,13,13,9,13,13,6,13,10,13
CL,CL_24,13,3,0,0,4,1,3,1,0,0,0,10,7,0,6,13,13,9,12,10,12,13,13,6,13,3,13
CL,CL_25,13,1,2,0,4,0,0,5,1,0,2,9,6,0,8,11,13,9,13,13,8,12,13,7,13,4,11
CL,CL_26,13,3,0,0,9,0,2,5,0,0,5,9,11,0,6,13,13,4,13,11,8,13,13,2,13,4,8
CL,CL_27,13,5,0,0,4,1,1,1,0,0,0,2,9,0,4,13,13,9,12,12,12,13,13,4,13,11,13
CL,CL_28,12,0,0,0,4,2,1,3,0,0,0,3,12,0,8,12,12,8,10,11,9,12,12,0,12,9,12
CL,CL_29,13,1,0,0,7,1,3,4,0,0,2,8,10,0,8,13,13,6,12,10,9,13,13,3,13,5,11
CL,CL_3,13,5,1,0,1,1,2,1,0,0,0,5,7,0,4,12,13,12,12,11,12,13,13,6,13,8,13
CL,CL_30,13,1,0,0,0,1,4,5,1,0,0,7,13,0,8,13,13,13,12,9,8,12,13,0,13,6,13
CL,CL_31,13,1,0,0,4,1,2,4,1,0,1,9,8,0,8,13,13,9,12,11,9,12,13,5,13,4,12
CL,CL_32,13,2,1,0,3,1,2,5,0,1,0,5,9,0,7,12,13,10,12,11,8,13,12,4,13,8,13
CL,CL_34,1,0,0,0,0,0,0,0,0,0,0,0,1,0,1,1,1,1,1,1,1,1,1,0,1,1,1
CL,CL_35,13,1,0,0,6,0,0,10,0,0,0,7,8,0,8,13,13,7,13,13,3,13,13,5,13,6,13
CL,CL_36,13,1,0,0,1,3,0,5,1,0,2,7,9,0,8,13,13,12,10,13,8,12,13,4,13,6,11
CL,CL_37,13,2,0,0,6,0,9,7,1,0,2,4,10,0,7,13,13,7,13,4,6,12,13,3,13,9,11
CL,CL_38,13,0,0,0,5,0,2,3,0,0,0,4,7,0,9,13,13,8,13,11,10,13,13,6,13,9,13
CL,CL_39,13,3,0,1,2,0,3,3,2,0,0,10,12,0,6,13,12,11,13,10,10,11,13,1,13,3,13
CL,CL_4,12,3,1,0,3,1,1,5,0,0,2,8,5,0,5,11,12,9,11,11,7,12,12,7,12,4,10
CL,CL_40,13,1,0,0,6,1,3,3,0,0,1,6,9,0,8,13,13,7,12,10,10,13,13,4,13,7,12
CL,CL_41,13,0,0,0,1,1,1,1,0,0,0,3,12,0,9,13,13,12,12,12,12,13,13,1,13,10,13
CL,CL_42,13,2,0,1,2,3,3,0,0,2,0,0,10,0,7,13,12,11,10,10,13,13,11,3,13,13,13
CL,CL_43,13,2,0,0,2,0,1,3,0,0,0,5,10,0,7,13,13,11,13,12,10,13,13,3,13,8,13
CL,CL_44,12,4,0,0,2,1,1,1,0,2,0,7,9,0,4,12,12,10,11,11,11,12,10,3,12,5,12
CL,CL_45,13,4,0,0,0,0,3,2,1,0,0,5,13,0,5,13,13,13,13,10,11,12,13,0,13,8,13
CL,CL_46,13,4,0,0,2,2,0,0,0,0,0,4,13,0,5,13,13,11,11,13,13,13,13,0,13,9,13
CL,CL_47,13,5,0,1,4,2,2,3,1,0,1,9,13,0,4,13,12,9,11,11,10,12,13,0,13,4,12
CL,CL_48,12,3,0,0,1,1,0,1,0,0,0,3,8,0,5,12,12,11,11,12,11,12,12,4,12,9,12
CL,CL_49,10,1,0,0,0,1,0,1,0,0,0,2,6,0,5,10,10,10,9,10,9,10,10,4,10,8,10
CL,CL_5,13,2,0,0,0,0,0,1,0,0,0,6,9,0,7,13,13,13,13,13,12,13,13,4,13,7,13
CL,CL_50,13,1,0,0,3,0,1,6,0,0,0,11,9,0,8,13,13,10,13,12,7,13,13,4,13,2,13
CL,CL_51,13,4,0,0,0,2,10,0,0,3,0,1,13,0,5,13,13,13,11,3,13,13,10,0,13,12,13
CL,CL_52,13,6,0,0,1,1,4,9,0,0,0,6,11,0,3,13,13,12,12,9,4,13,13,2,13,7,13
CL,CL_53,13,4,0,0,3,1,3,4,1,2,0,2,10,0,5,13,13,10,12,10,9,12,11,3,13,11,13
CL,CL_54,12,4,0,0,0,1,0,7,0,0,3,8,4,0,4,12,12,12,11,12,5,12,12,8,12,4,9
CL,CL_55,13,3,0,0,2,1,3,2,0,0,1,7,9,0,6,13,13,11,12,10,11,13,13,4,13,6,12
CL,CL_56,11,2,0,0,0,0,0,0,1,0,0,1,9,0,5,11,11,11,11,11,11,10,11,2,11,10,11
CL,CL_57,13,2,0,0,0,1,1,0,2,0,0,0,6,0,7,13,13,13,12,12,13,11,13,7,13,13,13
CL,CL_58,13,1,0,0,3,1,2,2,0,0,0,4,7,0,8,13,13,10,12,11,11,13,13,6,13,9,13
CL,CL_59,13,0,0,0,5,0,2,2,0,0,0,1,13,0,9,13,13,8,13,11,11,13,13,0,13,12,13
CL,CL_6,13,2,0,0,1,0,1,2,0,0,1,2,8,0,7,13,13,12,13,12,11,13,13,5,13,11,12
CL,CL_60,13,4,0,0,1,4,5,3,0,6,1,1,13,0,5,13,13,12,9,8,10,13,7,0,13,12,12
CL,CL_61,13,1,0,0,2,0,2,4,0,0,0,0,13,0,8,13,13,11,13,11,9,13,13,0,13,13,13
CL,CL_62,13,6,4,0,2,2,1,5,1,0,5,11,6,0,3,9,13,11,11,12,8,12,13,7,13,2,8
CL,CL_63,11,2,0,0,1,2,1,1,3,0,0,5,7,0,5,11,11,10,9,10,10,8,11,4,11,6,11
CL,CL_7,13,1,0,0,2,0,1,4,1,0,2,11,3,0,8,13,13,11,13,12,9,12,13,10,13,2,11
CL,CL_8,13,2,0,0,2,2,1,5,2,0,1,2,9,0,7,13,13,11,11,12,8,11,13,4,13,11,12
CL,CL_9,13,0,1,0,5,1,5,2,1,4,2,5,13,0,9,12,13,8,12,8,11,12,9,0,13,8,11
LU3,LU3_14,7,2,0,0,1,0,0,1,1,0,0,1,3,0,3,7,7,6,7,7,6,6,7,4,7,6,7
LU3,LU3_19,11,3,5,0,1,0,0,2,1,0,0,1,8,0,4,6,11,10,11,11,9,10,11,3,11,10,11
LU3,LU3_20,7,1,1,0,2,0,0,2,0,0,0,4,4,0,4,6,7,5,7,7,5,7,7,3,7,3,7
LU3,LU3_21,7,2,2,0,4,0,0,3,1,0,0,6,5,0,3,5,7,3,7,7,4,6,7,2,7,1,7
LU3,LU3_25,7,3,3,0,4,1,0,2,0,0,2,7,4,0,2,4,7,3,6,7,5,7,7,3,7,0,5
LU3,LU3_32,7,3,0,0,0,0,0,1,0,0,0,0,7,0,2,7,7,7,7,7,6,7,7,0,7,7,7
LU3,LU3_45,7,4,0,0,2,1,0,1,0,0,0,3,5,0,1,7,7,5,6,7,6,7,7,2,7,4,7
LU3,LU3_48,11,3,0,0,5,0,0,5,0,0,2,11,2,0,4,11,11,6,11,11,6,11,11,9,11,0,9
LU3,LU3_49,7,3,0,0,2,0,0,2,0,0,0,2,6,0,2,7,7,5,7,7,5,7,7,1,7,5,7
LU3,LU3_50,7,3,0,0,1,0,0,1,0,0,0,1,5,0,2,7,7,6,7,7,6,7,7,2,7,6,7
LU3,LU3_7,11,3,0,0,4,0,1,3,0,0,4,7,4,0,4,11,11,7,11,10,8,11,11,7,11,4,7
LU3,LU3_46,7,3,0,0,1,2,0,2,1,0,1,3,3,0,2,7,7,6,5,7,5,6,7,4,7,4,6
LU3,LU3_38,7,1,0,0,0,1,0,1,0,0,0,0,0,0,4,7,7,7,6,7,6,7,7,7,7,7,7
LU3,LU3_10,7,2,0,0,4,2,0,2,1,0,0,7,4,0,3,7,7,3,5,7,5,6,7,3,7,0,7
LU3,LU3_52,7,2,0,0,7,2,0,2,1,0,6,1,7,0,3,7,7,0,5,7,5,6,7,0,7,6,1
LU3,LU3_28,7,2,0,0,3,0,0,2,0,0,0,2,6,0,3,7,7,4,7,7,5,7,7,1,7,5,7
LU3,LU3_126,11,2,0,0,1,0,0,1,0,0,2,2,1,0,5,11,11,10,11,11,10,11,11,10,11,9,9
LU3,LU3_129,7,2,0,0,0,0,0,0,0,0,0,1,7,0,3,7,7,7,7,7,7,7,7,0,7,6,7
LU3,LU3_51,7,3,2,0,2,1,0,2,0,0,0,1,7,0,2,5,7,5,6,7,5,7,7,0,7,6,7
LU3,LU3_147,7,3,0,0,2,1,0,1,1,0,0,2,7,0,2,7,7,5,6,7,6,6,7,0,7,5,7
LU3,LU3_39,7,2,0,0,1,0,0,5,1,0,0,1,6,0,3,7,7,6,7,7,2,6,7,1,7,6,7
LU3,LU3_40,7,1,1,0,2,0,0,0,0,0,0,0,3,0,4,6,7,5,7,7,7,7,7,4,7,7,7
LU3,LU3_41,7,2,0,0,4,0,0,0,0,0,0,1,4,0,3,7,7,3,7,7,7,7,7,3,7,6,7
LU3,LU3_36,7,3,0,0,1,0,0,0,5,0,1,3,4,0,2,7,7,6,7,7,7,2,7,3,7,4,6
LU3,LU3_17,11,3,0,0,1,0,1,2,0,0,0,8,4,0,4,11,11,10,11,10,9,11,11,7,11,3,11
LU3,LU3_15,11,0,0,0,2,1,0,5,1,0,2,6,1,0,7,11,11,9,10,11,6,10,11,10,11,5,9
LU3,LU3_44,11,1,0,0,1,0,1,2,1,0,1,7,6,0,6,11,11,10,11,10,9,10,11,5,11,4,10
LU3,LU3_27,7,3,0,0,2,0,0,0,1,0,0,0,6,0,2,7,7,5,7,7,7,6,7,1,7,7,7
LU3,LU3_13,11,5,1,0,3,0,0,7,1,0,3,6,3,0,2,10,11,8,11,11,4,10,11,8,11,5,8
LU3,LU3_18,11,1,1,0,2,0,0,1,0,0,0,3,0,0,6,10,11,9,11,11,10,11,11,11,11,8,11
LU3,LU3_137,7,2,0,0,2,1,0,2,1,0,1,3,4,0,3,7,7,5,6,7,5,6,7,3,7,4,6
LU3,LU3_111,7,2,0,0,0,1,1,1,0,0,0,2,4,0,3,7,7,7,6,6,6,7,7,3,7,5,7
LU3,LU3_131,11,0,0,0,0,1,0,4,2,0,0,5,3,0,7,11,11,11,10,11,7,9,11,8,11,6,11
LU3,LU3_103,11,1,1,0,1,0,0,3,2,0,1,2,1,0,6,10,11,10,11,11,8,9,11,10,11,9,10
LU3,LU3_102,11,3,1,0,1,0,0,4,0,0,2,3,4,0,4,10,11,10,11,11,7,11,11,7,11,8,9
LU3,LU3_5,11,2,1,0,0,0,0,3,0,1,0,6,2,0,5,10,11,11,11,11,8,11,10,9,11,5,11
LU2,LU2_15,7,1,0,0,0,0,0,0,0,0,0,0,1,0,4,7,7,7,7,7,7,7,7,6,7,7,7
LU2,LU2_106,7,2,0,0,6,0,0,0,1,0,3,6,6,0,3,7,7,1,7,7,7,6,7,1,7,1,4
LU2,LU2_34,7,3,0,0,5,5,1,1,2,0,0,6,6,0,2,7,7,2,2,6,6,5,7,1,7,1,7
LU2,LU2_101,7,3,0,0,5,1,0,2,0,0,1,5,7,0,2,7,7,2,6,7,5,7,7,0,7,2,6
LU2,LU2_5,7,2,0,1,0,0,0,0,0,0,0,0,3,0,3,7,6,7,7,7,7,7,7,4,7,7,7
LU2,LU2_36,7,2,0,0,0,2,0,0,5,0,0,0,5,0,3,7,7,7,5,7,7,2,7,2,7,7,7
LU2,LU2_24,14,7,0,0,4,0,1,1,0,0,2,11,10,0,3,14,14,10,14,13,13,14,14,4,14,3,12
LU2,LU2_13,7,1,0,0,3,1,1,1,0,0,3,7,5,0,4,7,7,4,6,6,6,7,7,2,7,0,4
LU2,LU2_32,7,2,0,0,2,3,0,0,1,0,0,2,7,0,3,7,7,5,4,7,7,6,7,0,7,5,7
LU2,LU2_51,14,3,0,1,2,0,0,0,2,1,1,0,13,0,7,14,13,12,14,14,14,12,13,1,14,14,13
LU2,LU2_153,14,6,0,0,5,0,1,0,1,0,0,0,13,0,4,14,14,9,14,13,14,13,14,1,14,14,14
LU2,LU2_50,14,3,0,1,5,0,0,0,0,1,5,13,10,0,7,14,13,9,14,14,14,14,13,4,14,1,9
LU2,LU2_46,14,6,0,1,2,0,2,0,0,0,4,3,14,0,4,14,13,12,14,12,14,14,14,0,14,11,10
LU2,LU2_25,14,5,0,2,5,4,0,1,1,0,7,8,7,0,5,14,12,9,10,14,13,13,14,7,14,6,7
LU2,LU2_26,14,6,0,2,0,0,1,0,1,0,0,1,13,0,4,14,12,14,14,13,14,13,14,1,14,13,14
LU2,LU2_44,14,2,0,0,0,0,0,0,0,0,0,2,3,0,8,14,14,14,14,14,14,14,14,11,14,12,14
LU2,LU2_143,14,6,0,0,4,1,2,3,5,0,1,4,12,0,4,14,14,10,13,12,11,9,14,2,14,10,13
LU2,LU2_42,14,7,0,0,1,4,2,2,1,0,1,13,10,0,3,14,14,13,10,12,12,13,14,4,14,1,13
LU2,LU2_18,14,4,0,0,1,2,3,6,2,0,2,14,8,0,6,14,14,13,12,11,8,12,14,6,14,0,12
LU2,LU2_110,14,3,0,0,3,2,0,4,0,0,1,9,7,0,7,14,14,11,12,14,10,14,14,7,14,5,13
LU2,LU2_47,14,2,0,0,2,1,0,0,0,0,0,1,11,0,8,14,14,12,13,14,14,14,14,3,14,13,14
LU2,LU2_39,14,6,0,6,5,0,0,2,1,0,12,13,12,0,4,14,8,9,14,14,12,13,14,2,14,1,2
LU2,LU2_17,14,6,0,1,4,0,2,0,4,0,2,13,12,0,4,14,13,10,14,12,14,10,14,2,14,1,12
LU2,LU2_38,14,3,0,0,1,0,0,1,1,0,0,0,3,0,7,14,14,13,14,14,13,13,14,11,14,14,14
LU2,LU2_40,14,4,0,0,1,0,1,1,1,0,0,8,13,0,6,14,14,13,14,13,13,13,14,1,14,6,14
LU2,LU2_57,14,7,0,0,0,0,0,0,0,3,3,0,13,0,3,14,14,14,14,14,14,14,11,1,14,14,11
LU2,LU2_56,14,4,0,0,0,0,1,0,0,1,2,3,12,0,6,14,14,14,14,13,14,14,13,2,14,11,12
LU2,LU2_27,7,2,0,0,0,2,1,1,0,1,0,5,5,0,3,7,7,7,5,6,6,7,6,2,7,2,7
LU2,LU2_52,14,6,0,1,0,0,1,2,0,0,7,11,13,0,4,14,13,14,14,13,12,14,14,1,14,3,7
LU2,LU2_54,14,3,0,0,2,0,2,2,0,0,1,5,14,0,7,14,14,12,14,12,12,14,14,0,14,9,13
LU2,LU2_155,14,3,0,1,1,0,2,0,2,0,0,4,11,0,7,14,13,13,14,12,14,12,14,3,14,10,14
LU2,LU2_100,7,1,0,0,3,3,0,3,0,3,3,2,6,0,4,7,7,4,4,7,4,7,4,1,7,5,4
LU2,LU2_20,14,6,0,1,2,0,0,0,3,0,0,0,12,0,4,14,13,12,14,14,14,11,14,2,14,14,14
LU2,LU2_21,14,7,0,0,1,5,0,1,2,0,4,6,11,0,3,14,14,13,9,14,13,12,14,3,14,8,10
LU2,LU2_137,14,2,0,1,4,0,0,0,1,0,0,3,13,0,8,14,13,10,14,14,14,13,14,1,14,11,14
LU2,LU2_123,7,3,0,0,0,1,0,0,3,1,3,0,6,0,2,7,7,7,6,7,7,4,6,1,7,7,4
LU2,LU2_119,14,4,0,1,8,1,0,6,3,0,0,14,9,0,6,14,13,6,13,14,8,11,14,5,14,0,14
LU2,LU2_30,7,2,0,0,3,0,0,0,2,0,0,0,7,0,3,7,7,4,7,7,7,5,7,0,7,7,7
LU2,LU2_31,7,4,0,0,1,0,0,0,0,0,1,5,6,0,1,7,7,6,7,7,7,7,7,1,7,2,6
LU2,LU2_3,7,2,0,0,1,2,0,0,0,0,0,1,7,0,3,7,7,6,5,7,7,7,7,0,7,6,7
LU2,LU2_33,7,3,0,1,2,0,0,2,0,0,1,7,6,0,2,7,6,5,7,7,5,7,7,1,7,0,6
LU2,LU2_29,7,2,0,0,1,1,0,1,2,0,0,2,7,0,3,7,7,6,6,7,6,5,7,0,7,5,7
LU13,LU13_18,12,1,0,0,9,0,0,4,0,0,10,11,4,0,7,12,12,3,12,12,8,12,12,8,12,1,2
LU13,LU13_15,12,4,0,0,7,0,3,1,0,0,3,9,5,0,4,12,12,5,12,9,11,12,12,7,12,3,9
LU13,LU13_3,12,6,0,0,5,0,0,0,4,0,0,0,3,0,2,12,12,7,12,12,12,8,12,9,12,12,12
LU13,LU13_34,12,2,0,0,3,1,3,0,0,0,7,0,0,0,6,12,12,9,11,9,12,12,12,12,12,12,5
LU13,LU13_57,11,0,0,0,2,0,0,1,0,0,0,2,0,0,8,11,11,9,11,11,10,11,11,11,11,9,11
LU13,LU13_16,12,3,0,0,7,0,0,4,1,0,6,2,3,0,5,12,12,5,12,12,8,11,12,9,12,10,6
LU13,LU13_21,12,1,0,0,9,0,0,1,0,0,5,8,4,0,7,12,12,3,12,12,11,12,12,8,12,4,7
LU13,LU13_37,11,2,0,0,0,0,0,1,1,0,1,3,0,0,6,11,11,11,11,11,10,10,11,11,11,8,10
LU13,LU13_55,12,1,0,0,0,0,0,0,0,0,0,0,0,0,7,12,12,12,12,12,12,12,12,12,12,12,12
LU13,LU13_47,9,1,0,0,1,0,0,2,3,0,0,3,0,0,7,9,9,8,9,9,7,6,9,9,9,6,9
LU13,LU13_51,10,4,0,0,1,0,3,3,1,0,0,0,1,1,5,10,10,9,10,7,7,9,10,9,9,10,10
LU13,LU13_27,13,0,0,0,0,0,0,0,0,0,0,5,0,0,9,13,13,13,13,13,13,13,13,13,13,8,13
LU13,LU13_5,11,2,0,0,0,0,0,0,5,0,0,0,4,0,7,11,11,11,11,11,11,6,11,7,11,11,11
LU13,LU13_26,13,3,0,0,0,1,1,1,3,0,4,3,0,0,6,13,13,13,12,12,12,10,13,13,13,10,9
LU13,LU13_35,13,7,2,0,3,0,1,0,6,0,1,0,1,0,2,11,13,10,13,12,13,7,13,12,13,13,12
LU13,LU13_13,12,5,0,0,2,1,2,2,3,0,3,3,4,1,4,12,12,10,11,10,10,9,12,8,11,9,9
LU13,LU13_128,11,4,0,0,4,0,7,5,4,0,2,6,2,0,5,11,11,7,11,4,6,7,11,9,11,5,9
LU13,LU13_131,12,5,0,0,1,0,1,6,4,0,2,7,2,3,4,12,12,11,12,11,6,8,12,10,9,5,10
LU13,LU13_12,13,2,0,0,1,0,0,1,3,0,0,2,2,0,7,13,13,12,13,13,12,10,13,11,13,11,13
LU13,LU13_33,13,2,0,0,4,0,0,9,2,0,6,8,1,1,7,13,13,9,13,13,4,11,13,12,12,5,7
LU13,LU13_32,12,3,0,0,1,0,0,2,1,0,1,9,1,1,6,12,12,11,12,12,10,11,12,11,11,3,11
LU13,LU13_30,12,4,0,0,7,0,2,2,4,1,1,5,3,0,5,12,12,5,12,10,10,8,11,9,12,7,11
LU13,LU13_53,13,2,0,0,1,0,1,0,1,0,2,5,0,1,7,13,13,12,13,12,13,12,13,13,12,8,11
LU13,LU13_22,13,3,0,0,5,0,0,2,4,0,4,7,0,0,6,13,13,8,13,13,11,9,13,13,13,6,9
LU13,LU13_19,13,2,0,0,0,0,2,1,6,0,5,10,0,0,7,13,13,13,13,11,12,7,13,13,13,3,8
LU13,LU13_45,12,2,0,0,0,0,0,1,3,0,1,5,0,0,7,12,12,12,12,12,11,9,12,12,12,7,11
LU13,LU13_8,13,4,0,0,0,0,1,0,0,0,8,1,0,0,5,13,13,13,13,12,13,13,13,13,13,12,5
LU13,LU13_43,12,0,0,0,0,0,0,1,3,0,2,3,0,0,9,12,12,12,12,12,11,9,12,12,12,9,10
LU13,LU13_41,12,4,0,0,1,0,0,5,2,0,0,0,0,0,5,12,12,11,12,12,7,10,12,12,12,12,12
LU13,LU13_59,11,1,0,0,0,0,0,0,1,0,0,3,0,0,8,11,11,11,11,11,11,10,11,11,11,8,11
LU13,LU13_6,12,1,0,0,0,0,0,0,0,0,1,1,0,0,8,12,12,12,12,12,12,12,12,12,12,11,11
LU13,LU13_14,13,3,0,0,3,0,0,1,3,0,0,4,3,0,6,13,13,10,13,13,12,10,13,10,13,9,13
LU13,LU13_52,13,2,0,0,3,0,2,0,2,0,0,0,1,0,7,13,13,10,13,11,13,11,13,12,13,13,13
LU13,LU13_36,13,1,0,0,0,1,0,0,2,0,0,0,0,0,8,13,13,13,12,13,13,11,13,13,13,13,13
LU13,LU13_38,12,2,0,0,0,0,1,4,2,0,0,2,0,0,7,12,12,12,12,11,8,10,12,12,12,10,12
LU13,LU13_20,13,3,0,0,1,0,0,2,2,0,3,6,0,0,6,13,13,12,13,13,11,11,13,13,13,7,10
LU13,LU13_17,13,5,0,0,5,0,0,3,5,0,2,5,2,0,4,13,13,8,13,13,10,8,13,11,13,8,11
LU13,LU13_56,13,2,0,0,0,0,0,1,1,0,1,9,0,0,7,13,13,13,13,13,12,12,13,13,13,4,12
LU13,LU13_49,13,1,0,0,3,0,0,4,2,0,0,13,0,0,8,13,13,10,13,13,9,11,13,13,13,0,13
LU13,LU13_70,13,3,0,0,1,0,0,1,3,0,1,2,0,0,6,13,13,12,13,13,12,10,13,13,13,11,12
LU13,LU13_11,12,1,0,0,4,0,0,2,0,0,0,7,0,0,8,12,12,8,12,12,10,12,12,12,12,5,12
LU15,LU15_44,12,1,0,0,5,1,1,3,0,0,10,12,0,0,7,12,12,7,11,11,9,12,12,12,12,0,2
LU15,LU15_11,12,1,2,0,1,0,0,0,0,0,3,0,0,0,7,10,12,11,12,12,12,12,12,12,12,12,9
LU15,LU15_19,12,0,0,0,1,0,0,1,2,0,1,1,0,0,8,12,12,11,12,12,11,10,12,12,12,11,11
LU15,LU15_7,12,3,0,0,2,0,1,0,5,0,2,10,3,0,5,12,12,10,12,11,12,7,12,9,12,2,10
LU15,LU15_34,12,0,1,0,1,0,2,1,4,0,0,3,1,0,8,11,12,11,12,10,11,8,12,11,12,9,12
LU15,LU15_37,12,1,1,0,1,0,0,1,0,1,12,6,0,0,7,11,12,11,12,12,11,12,11,12,12,6,0
LU15,LU15_18,12,6,3,0,5,0,2,6,3,0,1,1,2,0,2,9,12,7,12,10,6,9,12,10,12,11,11
LU15,LU15_43,12,3,3,0,1,0,0,2,4,0,3,2,0,0,5,9,12,11,12,12,10,8,12,12,12,10,9
LU15,LU15_10,12,5,0,0,4,0,6,3,5,0,0,1,9,0,3,12,12,8,12,6,9,7,12,3,12,11,12
LU15,LU15_58,12,5,0,0,4,0,2,9,7,0,4,0,2,0,3,12,12,8,12,10,3,5,12,10,12,12,8
LU15,LU15_8,12,3,0,0,3,0,1,8,0,0,2,6,4,0,5,12,12,9,12,11,4,12,12,8,12,6,10
LU15,LU15_12,3,0,0,0,0,0,0,0,0,0,0,0,0,0,3,3,3,3,3,3,3,3,3,3,3,3,3
LU15,LU15_17,12,0,0,0,0,0,0,0,0,0,1,3,0,0,8,12,12,12,12,12,12,12,12,12,12,9,11
LU15,LU15_1,12,2,5,0,0,0,1,0,1,5,1,0,0,0,6,7,12,12,12,11,12,11,7,12,12,12,11
LU15,LU15_26,12,0,0,0,0,1,1,0,0,2,1,2,1,0,8,12,12,12,11,11,12,12,10,11,12,10,11
LU15,LU15_27,12,5,2,0,2,0,5,2,3,3,0,1,0,0,3,10,12,10,12,7,10,9,9,12,12,11,12
LU15,LU15_28,12,0,1,0,2,0,1,0,1,4,0,0,0,0,8,11,12,10,12,11,12,11,8,12,12,12,12
LU15,LU15_2,12,3,4,0,0,3,0,1,2,1,1,0,0,0,5,8,12,12,9,12,11,10,11,12,12,12,11
LU15,LU15_29,12,1,3,0,1,0,1,0,0,4,0,2,0,0,7,9,12,11,12,11,12,12,8,12,12,10,12
LU15,LU15_30,12,2,0,0,0,0,0,2,5,1,7,8,1,0,6,12,12,12,12,12,10,7,11,11,12,4,5
LU15,LU15_31,12,0,0,0,1,0,0,3,1,0,3,8,1,0,8,12,12,11,12,12,9,11,12,11,12,4,9
LU15,LU15_32,12,3,0,0,5,0,0,9,3,0,10,11,1,0,5,12,12,7,12,12,3,9,12,11,12,1,2
LU15,LU15_20,11,3,0,0,4,3,4,1,0,0,1,4,6,0,5,11,11,7,8,7,10,11,11,5,11,7,10
LU15,LU15_21,12,2,0,0,2,2,2,0,1,0,4,3,5,0,6,12,12,10,10,10,12,11,12,7,12,9,8
LU15,LU15_23,12,2,1,0,4,0,1,5,0,0,6,11,5,0,6,11,12,8,12,11,7,12,12,7,12,1,6
LU15,LU15_41,12,4,0,0,1,0,0,1,0,0,1,7,7,0,4,12,12,11,12,12,11,12,12,5,12,5,11
LU15,LU15_25,12,2,0,0,1,0,0,0,4,0,1,1,0,0,6,12,12,11,12,12,12,8,12,12,12,11,11
LU15,LU15_9,11,2,0,0,2,1,1,0,0,0,3,6,1,0,6,11,11,9,10,10,11,11,11,10,11,5,8
LU15,LU15_24,10,2,0,0,2,1,0,0,1,0,7,0,7,0,6,10,10,8,9,10,10,9,10,3,10,10,3
LU15,LU15_46,12,4,0,0,1,0,1,3,1,0,3,6,7,0,4,12,12,11,12,11,9,11,12,5,12,6,9
LU15,LU15_40,12,0,2,0,0,1,1,5,6,0,3,3,1,0,8,10,12,12,11,11,7,6,12,11,12,9,9
LU15,LU15_16,12,4,1,0,2,2,1,3,3,2,1,9,2,0,4,11,12,10,10,11,9,9,10,10,12,3,11
LU15,LU15_4,12,3,4,0,3,0,0,4,1,2,3,5,0,0,5,8,12,9,12,12,8,11,10,12,12,7,9
LU15,LU15_36,12,1,0,0,1,1,0,2,0,0,8,3,0,0,7,12,12,11,11,12,10,12,12,12,12,9,4
LU15,LU15_3,12,2,0,0,2,1,0,0,0,0,11,4,5,0,6,12,12,10,11,12,12,12,12,7,12,8,1
LU15,LU15_15,12,0,0,0,6,0,1,3,1,0,2,5,7,0,8,12,12,6,12,11,9,11,12,5,12,7,10
LU15,LU15_14,12,4,1,0,4,0,0,2,4,0,2,2,7,0,4,11,12,8,12,12,10,8,12,5,12,10,10
LU15,LU15_22,12,3,0,0,0,0,0,1,1,0,1,3,9,0,5,12,12,12,12,12,11,11,12,3,12,9,11
LU15,LU15_61,12,6,0,0,2,1,0,6,2,0,2,9,5,0,2,12,12,10,11,12,6,10,12,7,12,3,10
LU21,LU21_106,12,6,0,0,1,0,1,1,2,0,1,6,8,0,2,12,12,11,12,11,11,10,12,4,12,6,11
LU21,LU21_10,12,1,0,0,0,1,2,0,6,1,4,0,7,0,7,12,12,12,11,10,12,6,11,5,12,12,8
LU21,LU21_16,12,6,0,0,0,5,0,4,7,0,11,8,7,0,2,12,12,12,7,12,8,5,12,5,12,4,1
LU21,LU21_107,12,7,1,0,1,0,1,1,2,0,3,3,7,0,1,11,12,11,12,11,11,10,12,5,12,9,9
LU21,LU21_41,12,1,2,0,0,2,0,1,3,0,3,5,1,0,7,10,12,12,10,12,11,9,12,11,12,7,9
LU21,LU21_63,8,0,0,0,2,1,1,1,1,1,0,0,3,0,4,8,8,6,7,7,7,7,7,5,8,8,8
LU21,LU21_27,12,3,3,0,0,4,1,0,1,0,0,0,2,0,5,9,12,12,8,11,12,11,12,10,12,12,12
LU21,LU21_23,12,3,0,0,0,1,0,1,1,0,4,3,2,0,5,12,12,12,11,12,11,11,12,10,12,9,8
LU21,LU21_21,12,3,0,0,0,1,0,0,5,0,0,0,10,0,5,12,12,12,11,12,12,7,12,2,12,12,12
LU21,LU21_82,12,6,0,0,3,1,0,3,4,0,2,1,10,0,2,12,12,9,11,12,9,8,12,2,12,11,10
LU21,LU21_871,12,7,0,0,2,1,2,2,7,0,0,1,9,0,1,12,12,10,11,10,10,5,12,3,12,11,12
LU21,LU21_164,12,7,0,0,3,0,0,0,2,3,0,0,8,0,1,12,12,9,12,12,12,10,9,4,12,12,12
LU21,LU21_36,12,6,0,0,2,2,5,0,5,0,0,0,8,0,2,12,12,10,10,7,12,7,12,4,12,12,12
LU21,LU21_14,10,5,0,0,0,2,2,2,4,0,1,2,7,0,3,10,10,10,8,8,8,6,10,3,10,8,9
LU21,LU21_32,12,2,2,0,0,0,0,0,3,0,0,0,0,0,6,10,12,12,12,12,12,9,12,12,12,12,12
LU21,LU21_126,12,3,5,0,0,0,2,0,4,0,0,1,0,0,5,7,12,12,12,10,12,8,12,12,12,11,12
LU21,LU21_122,12,4,0,0,0,1,3,1,2,0,0,2,4,0,4,12,12,12,11,9,11,10,12,8,12,10,12
LU21,LU21_56,12,2,0,0,0,0,2,6,2,0,1,1,9,0,6,12,12,12,12,10,6,10,12,3,12,11,11
LU21,LU21_57,12,2,0,0,0,2,0,0,7,0,0,3,8,0,6,12,12,12,10,12,12,5,12,4,12,9,12
LU21,LU21_9,11,7,0,1,3,0,3,1,5,0,3,0,9,0,1,11,10,8,11,8,10,6,11,2,11,11,8
LU21,LU21_98,12,3,0,0,0,1,0,0,4,0,1,0,2,0,5,12,12,12,11,12,12,8,12,10,12,12,11
LU21,LU21_119,12,2,0,1,0,0,0,3,4,0,1,8,10,0,6,12,11,12,12,12,9,8,12,2,12,4,11
LU21,LU21_52,12,6,0,0,3,0,1,8,2,0,2,8,7,0,2,12,12,9,12,11,4,10,12,5,12,4,10
LU21,LU21_59,12,2,0,0,0,0,1,0,8,0,0,0,6,0,6,12,12,12,12,11,12,4,12,6,12,12,12
LU21,LU21_68,12,6,0,0,4,0,0,0,5,2,3,1,10,0,2,12,12,8,12,12,12,7,10,2,12,11,9
LU21,LU21_109,12,1,0,0,1,0,0,2,0,0,1,2,6,0,7,12,12,11,12,12,10,12,12,6,12,10,11
LU21,LU21_93,12,5,0,0,5,1,3,1,3,0,5,7,9,0,3,12,12,7,11,9,11,9,12,3,12,5,7
LU21,LU21_114,10,3,0,0,0,0,0,0,3,0,2,0,3,0,5,10,10,10,10,10,10,7,10,7,10,10,8
LU21,LU21_105,11,0,0,0,1,0,0,1,3,0,0,0,5,0,8,11,11,10,11,11,10,8,11,6,11,11,11
LU21,LU21_100,12,7,0,0,0,0,3,0,2,0,4,0,7,0,1,12,12,12,12,9,12,10,12,5,12,12,8
LU21,LU21_74,12,3,0,0,0,1,0,0,5,0,6,4,6,0,5,12,12,12,11,12,12,7,12,6,12,8,6
LU21,LU21_78,11,4,0,0,0,0,3,0,5,0,1,0,9,0,4,11,11,11,11,8,11,6,11,2,11,11,10
LU21,LU21_153,12,0,0,0,1,0,0,1,0,0,0,3,0,0,8,12,12,11,12,12,11,12,12,12,12,9,12
LU21,LU21_6,10,6,0,0,0,1,1,4,1,0,4,8,3,0,2,10,10,10,9,9,6,9,10,7,10,2,6
LU21,LU21_116,12,6,0,0,0,1,2,0,4,0,1,0,10,0,2,12,12,12,11,10,12,8,12,2,12,12,11
LU21,LU21_97,12,6,0,0,0,0,1,0,7,0,0,0,8,0,2,12,12,12,12,11,12,5,12,4,12,12,12
LU1,LU1_6,14,7,0,0,4,4,0,0,3,0,3,4,12,0,3,14,14,10,10,14,14,11,14,2,14,10,11
LU1,LU1_10,5,3,0,0,4,3,0,0,2,0,0,1,5,0,2,5,5,1,2,5,5,3,5,0,5,4,5
LU1,LU1_11,14,4,0,1,8,3,2,1,5,2,7,3,12,0,6,14,13,6,11,12,13,9,12,2,14,11,7
LU1,LU1_13,15,7,0,0,10,3,0,0,9,0,0,0,12,0,4,15,15,5,12,15,15,6,15,3,15,15,15
LU1,LU1_22,14,8,0,1,11,2,0,1,1,0,10,8,13,0,2,14,13,3,12,14,13,13,14,1,14,6,4
LU1,LU1_25,14,9,0,0,9,1,0,1,0,0,1,2,14,0,1,14,14,5,13,14,13,14,14,0,14,12,13
LU1,LU1_27,15,4,0,0,11,1,1,0,2,0,15,2,15,0,7,15,15,4,14,14,15,13,15,0,15,13,0
LU1,LU1_30,15,5,0,0,0,1,0,0,4,0,0,0,9,0,6,15,15,15,14,15,15,11,15,6,15,15,15
LU1,LU1_32,15,7,0,0,9,0,0,0,1,4,9,12,12,0,4,15,15,6,15,15,15,14,11,3,15,3,6
LU1,LU1_36,15,7,0,0,4,3,0,2,0,0,3,4,10,0,4,15,15,11,12,15,13,15,15,5,15,11,12
LU1,LU1_40,14,8,0,0,7,3,0,1,3,0,2,7,10,0,2,14,14,7,11,14,13,11,14,4,14,7,12
LU1,LU1_41,15,4,0,0,6,0,1,0,2,2,4,8,11,0,7,15,15,9,15,14,15,13,13,4,15,7,11
LU1,LU1_43,14,1,0,0,10,2,0,1,1,0,6,13,10,0,9,14,14,4,12,14,13,13,14,4,14,1,8
LU1,LU1_44,15,2,0,0,7,6,0,0,0,7,13,7,11,0,9,15,15,8,9,15,15,15,8,4,15,8,2
LU1,LU1_45,14,3,0,1,4,2,0,2,1,0,0,6,13,0,7,14,13,10,12,14,12,13,14,1,14,8,14
LU1,LU1_46,14,3,0,1,11,3,0,2,0,0,11,11,14,0,7,14,13,3,11,14,12,14,14,0,14,3,3
LU1,LU1_47,15,6,0,1,14,2,0,2,3,9,8,15,15,0,5,15,14,1,13,15,13,12,6,0,15,0,7
LU1,LU1_48,14,6,0,2,5,6,0,1,0,0,7,3,14,0,4,14,12,9,8,14,13,14,14,0,14,11,7
LU1,LU1_60,14,4,0,0,2,0,0,1,2,0,0,6,11,0,6,14,14,12,14,14,13,12,14,3,14,8,14
LU1,LU1_63,6,2,0,0,5,0,1,4,2,0,5,0,5,0,4,6,6,1,6,5,2,4,6,1,6,6,1
LU1,LU1_64,15,4,0,0,3,0,0,0,1,0,0,0,15,0,7,15,15,12,15,15,15,14,15,0,15,15,15
LU1,LU1_66,15,3,0,0,7,0,0,5,7,0,13,7,13,0,8,15,15,8,15,15,10,8,15,2,15,8,2
LU1,LU1_67,15,7,0,0,7,6,0,1,2,5,8,15,13,0,4,15,15,8,9,15,14,13,10,2,15,0,7
LU1,LU1_70,9,1,0,0,2,1,1,1,2,1,4,3,9,0,4,9,9,7,8,8,8,7,8,0,9,6,5
LU1,LU1_71,14,4,0,0,11,4,0,0,0,0,10,4,10,0,6,14,14,3,10,14,14,14,14,4,14,10,4
LU1,LU1_72,4,4,0,0,3,0,0,0,0,0,0,1,4,0,0,4,4,1,4,4,4,4,4,0,4,3,4
LU1,LU1_73,15,2,0,0,11,0,0,3,7,0,6,15,9,0,9,15,15,4,15,15,12,8,15,6,15,0,9
LU1,LU1_74,15,4,0,0,6,3,2,5,0,1,2,13,13,0,7,15,15,9,12,13,10,15,14,2,15,2,13
LU1,LU1_75,15,4,0,0,9,1,1,0,0,0,1,7,10,0,7,15,15,6,14,14,15,15,15,5,15,8,14
LU1,LU1_76,7,2,0,0,7,0,1,1,1,2,1,5,7,0,4,7,7,0,7,6,6,6,5,0,7,2,6
LU1,LU1_77,4,2,0,0,1,0,0,0,0,0,0,0,3,0,2,4,4,3,4,4,4,4,4,1,4,4,4
LU1,LU1_78,14,1,0,0,3,0,0,3,0,0,0,4,7,0,9,14,14,11,14,14,11,14,14,7,14,10,14
LU1,LU1_79,15,3,0,0,9,1,0,1,0,0,2,14,6,0,8,15,15,6,14,15,14,15,15,9,15,1,13
LU1,LU1_80,14,3,0,0,6,1,2,0,0,1,0,1,12,0,7,14,14,8,13,12,14,14,13,2,14,13,14
LU1,LU1_82,15,6,0,0,6,6,0,3,0,0,7,12,6,0,5,15,15,9,9,15,12,15,15,9,15,3,8
LU1,LU1_83,14,5,0,0,5,0,0,1,0,0,3,3,5,0,5,14,14,9,14,14,13,14,14,9,14,11,11
LU1,LU1_84,15,6,0,0,6,1,1,2,1,1,8,13,9,0,5,15,15,9,14,14,13,14,14,6,15,2,7
LU1,LU1_85,12,5,0,0,6,3,2,1,1,0,8,9,10,0,3,12,12,6,9,10,11,11,12,2,12,3,4
LU1,LU1_86,14,2,0,0,8,2,0,0,0,0,6,1,13,0,8,14,14,6,12,14,14,14,14,1,14,13,8
LU9,LU9_5,12,0,0,0,8,0,0,0,0,0,3,0,2,0,8,12,12,4,12,12,12,12,12,10,12,12,9
LU9,LU9_6,12,2,0,0,8,0,1,0,1,0,1,1,8,0,6,12,12,4,12,11,12,11,12,4,12,11,11
LU9,LU9_7,12,4,0,0,9,2,2,0,0,1,1,2,12,0,4,12,12,3,10,10,12,12,11,0,12,10,11
LU9,LU9_8,12,3,0,0,7,0,1,0,0,0,0,1,10,0,5,12,12,5,12,11,12,12,12,2,12,11,12
LU9,LU9_100,12,0,0,0,1,1,0,1,0,0,1,0,1,0,8,12,12,11,11,12,11,12,12,11,12,12,11
LU9,LU9_102,12,1,0,0,4,1,0,0,0,0,4,3,7,0,7,12,12,8,11,12,12,12,12,5,12,9,8
LU9,LU9_106,12,1,1,0,8,0,0,4,0,0,10,3,4,0,7,11,12,4,12,12,8,12,12,8,12,9,2
LU9,LU9_112,12,0,0,0,1,2,1,0,0,2,4,4,1,0,8,12,12,11,10,11,12,12,10,11,12,8,8
LU9,LU9_113,12,0,6,0,1,0,0,0,0,0,4,0,0,0,8,6,12,11,12,12,12,12,12,12,12,12,8
LU9,LU9_12,12,4,0,0,9,0,2,0,0,1,5,4,10,0,4,12,12,3,12,10,12,12,11,2,12,8,7
LU9,LU9_13,12,1,0,0,0,0,2,1,0,0,2,0,5,0,7,12,12,12,12,10,11,12,12,7,12,12,10
LU9,LU9_18,12,0,0,0,3,1,0,0,0,3,4,2,11,0,8,12,12,9,11,12,12,12,9,1,12,10,8
LU9,LU9_21,12,1,0,0,8,0,3,0,0,0,1,0,11,0,7,12,12,4,12,9,12,12,12,1,12,12,11
LU9,LU9_24,12,6,0,0,2,2,2,2,0,0,1,8,10,0,2,12,12,10,10,10,10,12,12,2,12,4,11
LU9,LU9_27,12,5,2,0,10,5,1,4,0,0,12,12,9,0,3,10,12,2,7,11,8,12,12,3,12,0,0
LU9,LU9_28,12,1,0,0,4,2,0,0,0,2,4,3,12,0,7,12,12,8,10,12,12,12,10,0,12,9,8
LU9,LU9_29,12,4,0,0,7,1,1,3,0,1,10,0,11,0,4,12,12,5,11,11,9,12,11,1,12,12,2
LU9,LU9_30,12,1,0,0,6,1,3,0,1,0,2,7,10,0,7,12,12,6,11,9,12,11,12,2,12,5,10
LU9,LU9_31,12,3,0,0,6,0,0,2,0,0,1,1,9,0,5,12,12,6,12,12,10,12,12,3,12,11,11
LU9,LU9_32,12,4,0,0,8,1,2,4,0,0,0,9,12,0,4,12,12,4,11,10,8,12,12,0,12,3,12
LU9,LU9_33,12,3,0,0,10,2,6,0,0,1,1,0,9,0,5,12,12,2,10,6,12,12,11,3,12,12,11
LU9,LU9_39,12,2,0,0,2,2,0,2,0,0,9,12,3,0,6,12,12,10,10,12,10,12,12,9,12,0,3
LU9,LU9_41,12,3,0,0,4,0,0,0,0,1,0,1,11,0,5,12,12,8,12,12,12,12,11,1,12,11,12
LU9,LU9_44,12,1,3,0,3,0,0,1,1,0,0,7,1,0,7,9,12,9,12,12,11,11,12,11,12,5,12
LU9,LU9_51,12,0,2,0,0,1,0,2,0,0,8,12,2,0,8,10,12,12,11,12,10,12,12,10,12,0,4
LU9,LU9_55,12,2,0,0,4,1,0,1,0,0,9,3,5,0,6,12,12,8,11,12,11,12,12,7,12,9,3
LU9,LU9_57,12,0,0,0,0,0,0,1,2,0,2,3,3,0,8,12,12,12,12,12,11,10,12,9,12,9,10
LU9,LU9_62,12,2,0,0,1,0,0,0,0,0,1,0,12,0,6,12,12,11,12,12,12,12,12,0,12,12,11
LU9,LU9_63,12,3,0,0,3,0,0,0,0,0,0,0,12,0,5,12,12,9,12,12,12,12,12,0,12,12,12
LU9,LU9_64,12,1,0,0,6,3,2,2,0,0,3,3,11,0,7,12,12,6,9,10,10,12,12,1,12,9,9
LU9,LU9_65,12,3,1,0,9,1,0,3,1,0,9,5,2,0,5,11,12,3,11,12,9,11,12,10,12,7,3
LU9,LU9_67,12,0,7,0,1,0,0,0,0,0,0,0,0,0,8,5,12,11,12,12,12,12,12,12,12,12,12
LU9,LU9_68,12,2,0,0,1,1,0,0,0,0,3,0,3,0,6,12,12,11,11,12,12,12,12,9,12,12,9
LU9,LU9_72,12,5,0,0,9,1,3,0,0,0,4,8,11,0,3,12,12,3,11,9,12,12,12,1,12,4,8
LU9,LU9_73,12,3,0,0,6,2,0,0,0,0,3,3,8,0,5,12,12,6,10,12,12,12,12,4,12,9,9
LU9,LU9_75,12,0,1,0,4,1,1,4,0,0,9,8,3,0,8,11,12,8,11,11,8,12,12,9,12,4,3
LU9,LU9_76,12,3,1,0,9,0,1,2,1,0,5,5,7,0,5,11,12,3,12,11,10,11,12,5,12,7,7
LU9,LU9_77,12,2,1,0,2,0,0,2,0,0,1,5,3,0,6,11,12,10,12,12,10,12,12,9,12,7,11
LU9,LU9_79,12,2,0,0,7,0,2,4,0,1,6,4,8,0,6,12,12,5,12,10,8,12,11,4,12,8,6
LU9,LU9_80,12,3,0,0,10,3,0,1,0,0,7,4,10,0,5,12,12,2,9,12,11,12,12,2,12,8,5
LU9,LU9_81,5,0,0,0,1,2,0,1,0,0,3,5,3,0,3,5,5,4,3,5,4,5,5,2,5,0,2
LU9,LU9_85,12,3,0,1,7,0,4,3,0,1,4,2,9,1,5,12,11,5,12,8,9,12,11,3,11,10,8
LU9,LU9_82,12,4,1,0,3,1,3,1,1,0,0,0,3,0,4,11,12,9,11,9,11,11,12,9,12,12,12
LU9,LU9_86,12,3,0,0,4,1,2,1,0,1,3,0,4,1,5,12,12,8,11,10,11,12,11,8,11,12,9
LU9,LU9_87,12,1,0,0,9,1,0,0,0,0,1,12,4,0,7,12,12,3,11,12,12,12,12,8,12,0,11
LU9,LU9_90,12,2,5,0,4,0,1,2,0,0,0,2,0,0,6,7,12,8,12,11,10,12,12,12,12,10,12
LU9,LU9_93,12,3,0,0,5,0,0,0,0,3,1,0,12,0,5,12,12,7,12,12,12,12,9,0,12,12,11
LU9,LU9_94,12,1,0,0,4,0,4,1,1,0,1,0,11,0,7,12,12,8,12,8,11,11,12,1,12,12,11
LU9,LU9_96,12,2,1,0,4,2,0,0,0,0,0,5,5,0,6,11,12,8,10,12,12,12,12,7,12,7,12
LU9,LU9_98,12,1,3,0,6,2,0,2,0,0,2,3,0,0,7,9,12,6,10,12,10,12,12,12,12,9,10
LU14,LU14_3,12,7,0,0,0,1,2,0,0,0,1,2,2,0,1,12,12,12,11,10,12,12,12,10,12,10,11
LU14,LU14_7,12,3,1,0,1,1,0,1,0,0,4,3,0,0,5,11,12,11,11,12,11,12,12,12,12,9,8
LU14,LU14_8,12,6,0,0,6,6,0,4,3,0,8,3,2,0,2,12,12,6,6,12,8,9,12,10,12,9,4
LU14,LU14_9,12,5,0,0,2,1,0,0,1,1,7,5,1,0,3,12,12,10,11,12,12,11,11,11,12,7,5
LU14,LU14_100,12,2,0,0,0,0,0,1,0,0,7,12,0,0,6,12,12,12,12,12,11,12,12,12,12,0,5
LU14,LU14_102,12,0,0,0,0,2,0,1,0,0,10,9,2,0,8,12,12,12,10,12,11,12,12,10,12,3,2
LU14,LU14_105,12,5,0,0,0,1,2,0,1,0,0,0,0,0,3,12,12,12,11,10,12,11,12,12,12,12,12
LU14,LU14_110,11,0,0,0,0,0,3,1,0,0,1,3,0,0,8,11,11,11,11,8,10,11,11,11,11,8,10
LU14,LU14_114,12,1,0,0,0,0,0,3,2,0,3,6,0,0,7,12,12,12,12,12,9,10,12,12,12,6,9
LU14,LU14_115,12,5,0,0,0,1,4,10,2,0,6,5,0,0,3,12,12,12,11,8,2,10,12,12,12,7,6
LU14,LU14_120,12,2,0,0,0,2,1,1,2,0,8,3,0,0,6,12,12,12,10,11,11,10,12,12,12,9,4
LU14,LU14_121,12,1,0,0,0,1,1,0,2,0,6,0,0,0,7,12,12,12,11,11,12,10,12,12,12,12,6
LU14,LU14_131,12,7,0,0,0,1,4,7,2,0,6,5,0,0,1,12,12,12,11,8,5,10,12,12,12,7,6
LU14,LU14_135,12,2,0,0,0,1,1,0,0,0,1,2,0,0,6,12,12,12,11,11,12,12,12,12,12,10,11
LU14,LU14_16,12,1,0,0,0,0,1,4,0,0,11,12,0,0,7,12,12,12,12,11,8,12,12,12,12,0,1
LU14,LU14_17,12,5,0,0,0,0,1,2,4,0,0,7,0,0,3,12,12,12,12,11,10,8,12,12,12,5,12
LU14,LU14_19,12,3,0,0,4,5,0,2,0,0,4,11,1,0,5,12,12,8,7,12,10,12,12,11,12,1,8
LU14,LU14_20,12,6,0,0,0,4,1,0,0,0,0,1,1,0,2,12,12,12,8,11,12,12,12,11,12,11,12
LU14,LU14_250,12,2,0,0,0,2,1,2,1,0,10,0,4,2,6,12,12,12,10,11,10,11,12,8,10,12,2
LU14,LU14_30,12,1,0,0,0,2,0,0,1,0,1,0,0,0,7,12,12,12,10,12,12,11,12,12,12,12,11
LU14,LU14_31,12,4,0,0,0,0,0,2,0,0,9,11,0,0,4,12,12,12,12,12,10,12,12,12,12,1,3
LU14,LU14_33,12,4,0,0,0,3,0,0,2,0,2,2,0,0,4,12,12,12,9,12,12,10,12,12,12,10,10
LU14,LU14_37,12,6,0,0,0,0,0,0,4,0,2,4,4,0,2,12,12,12,12,12,12,8,12,8,12,8,10
LU14,LU14_47,12,3,0,0,0,4,1,0,0,0,9,3,4,1,5,12,12,12,8,11,12,12,12,8,11,9,3
LU14,LU14_48,12,6,0,0,0,0,0,0,3,0,11,0,1,0,2,12,12,12,12,12,12,9,12,11,12,12,1
LU14,LU14_49,12,4,0,0,0,1,0,0,1,0,0,3,3,0,4,12,12,12,11,12,12,11,12,9,12,9,12
LU14,LU14_51,12,6,0,0,0,4,3,2,5,0,11,6,2,0,2,12,12,12,8,9,10,7,12,10,12,6,1
LU14,LU14_54,12,6,0,0,3,3,0,0,4,0,0,1,0,0,2,12,12,9,9,12,12,8,12,12,12,11,12
LU14,LU14_56,12,3,0,0,0,6,0,9,3,0,8,9,1,1,5,12,12,12,6,12,3,9,12,11,11,3,4
LU14,LU14_61,12,2,0,0,2,5,0,3,2,0,7,6,0,1,6,12,12,10,7,12,9,10,12,12,11,6,5
LU14,LU14_62,12,2,0,0,0,0,1,1,4,0,0,2,0,0,6,12,12,12,12,11,11,8,12,12,12,10,12
LU14,LU14_63,12,6,0,0,0,1,1,1,0,0,8,1,0,0,2,12,12,12,11,11,11,12,12,12,12,11,4
LU14,LU14_66,4,0,0,0,2,0,0,0,1,0,1,0,0,0,2,4,4,2,4,4,4,3,4,4,4,4,3
LU14,LU14_70,6,0,0,0,0,0,2,2,0,0,6,6,0,0,2,6,6,6,6,4,4,6,6,6,6,0,0
LU14,LU14_71,12,4,0,0,0,0,0,0,0,0,0,0,0,0,4,12,12,12,12,12,12,12,12,12,12,12,12
LU14,LU14_72,11,5,0,0,0,0,1,2,4,0,0,0,0,0,3,11,11,11,11,10,9,7,11,11,11,11,11
LU14,LU14_74,12,5,0,0,0,0,7,6,3,0,7,2,1,2,3,12,12,12,12,5,6,9,12,11,10,10,5
LU14,LU14_75,12,4,0,0,1,0,1,1,2,0,7,5,0,0,4,12,12,11,12,11,11,10,12,12,12,7,5
LU14,LU14_76,12,2,0,0,2,1,5,2,2,0,5,0,1,0,6,12,12,10,11,7,10,10,12,11,12,12,7
LU14,LU14_78,12,1,0,0,1,0,0,0,2,0,3,0,4,0,7,12,12,11,12,12,12,10,12,8,12,12,9
LU14,LU14_80,12,6,0,0,1,7,2,3,4,0,5,0,3,0,2,12,12,11,5,10,9,8,12,9,12,12,7
LU14,LU14_84,10,3,0,0,0,1,1,0,1,0,1,1,0,0,3,10,10,10,9,9,10,9,10,10,10,9,9
LU14,LU14_85,12,3,1,0,1,0,0,1,0,1,1,0,0,1,5,11,12,11,12,12,11,12,11,12,11,12,11
LU14,LU14_86,12,5,0,0,0,0,0,3,1,0,4,0,2,0,3,12,12,12,12,12,9,11,12,10,12,12,8
LU14,LU14_88,11,3,0,0,1,3,1,1,5,1,4,5,1,0,5,11,11,10,8,10,10,6,10,10,11,6,7
LU14,LU14_91,12,4,0,0,0,0,1,0,5,0,10,4,0,0,4,12,12,12,12,11,12,7,12,12,12,8,2
LU14,LU14_92,12,5,1,0,0,1,0,3,2,0,3,2,2,0,3,11,12,12,11,12,9,10,12,10,12,10,9
LU14,LU14_96,12,6,0,0,1,1,2,1,6,0,2,1,4,0,2,12,12,11,11,10,11,6,12,8,12,11,10
LU14,LU14_97,12,4,0,0,0,1,0,0,1,0,0,8,1,0,4,12,12,12,11,12,12,11,12,11,12,4,12
LU16,LU16_2,12,1,0,0,2,0,0,3,2,0,6,8,0,0,7,12,12,10,12,12,9,10,12,12,12,4,6
LU16,LU16_3,12,5,0,0,3,0,0,3,4,0,3,11,0,1,3,12,12,9,12,12,9,8,12,12,11,1,9
LU16,LU16_15,12,3,0,0,9,0,0,7,3,0,5,10,0,0,5,12,12,3,12,12,5,9,12,12,12,2,7
LU16,LU16_20,12,6,0,0,5,0,0,3,1,0,11,12,0,0,2,12,12,7,12,12,9,11,12,12,12,0,1
LU16,LU16_200,12,5,0,0,5,2,0,9,1,0,3,12,2,0,3,12,12,7,10,12,3,11,12,10,12,0,9
LU16,LU16_201,12,5,0,0,5,0,1,0,3,0,2,1,2,0,3,12,12,7,12,11,12,9,12,10,12,11,10
LU16,LU16_202,12,4,0,0,3,2,1,1,1,0,5,5,0,0,4,12,12,9,10,11,11,11,12,12,12,7,7
LU16,LU16_203,12,4,0,0,6,1,2,3,2,0,2,12,1,0,4,12,12,6,11,10,9,10,12,11,12,0,10
LU16,LU16_22,12,1,0,0,4,0,2,1,0,0,1,6,0,0,7,12,12,8,12,10,11,12,12,12,12,6,11
LU16,LU16_23,12,3,0,0,5,0,0,1,6,0,2,10,0,0,5,12,12,7,12,12,11,6,12,12,12,2,10
LU16,LU16_24,12,5,0,0,10,0,0,7,4,0,1,6,0,0,3,12,12,2,12,12,5,8,12,12,12,6,11
LU16,LU16_25,12,4,0,0,9,0,1,1,4,0,1,11,4,0,4,12,12,3,12,11,11,8,12,8,12,1,11
LU16,LU16_26,12,3,0,0,9,1,0,8,1,1,9,11,0,0,5,12,12,3,11,12,4,11,11,12,12,1,3
LU16,LU16_270,12,6,0,0,5,4,0,0,5,0,6,0,9,0,2,12,12,7,8,12,12,7,12,3,12,12,6
LU16,LU16_28,12,5,0,0,4,1,1,2,2,0,0,7,5,0,3,12,12,8,11,11,10,10,12,7,12,5,12
LU16,LU16_300,12,3,0,0,2,0,0,3,4,0,0,8,1,0,5,12,12,10,12,12,9,8,12,11,12,4,12
LU16,LU16_301,12,0,0,0,6,0,0,3,2,0,0,9,0,0,8,12,12,6,12,12,9,10,12,12,12,3,12
LU16,LU16_302,11,2,0,0,3,0,0,3,4,0,2,6,0,0,6,11,11,8,11,11,8,7,11,11,11,5,9
LU16,LU16_303,12,2,0,0,3,0,0,2,1,0,0,11,0,0,6,12,12,9,12,12,10,11,12,12,12,1,12
LU16,LU16_313,12,2,0,0,9,0,0,1,2,1,1,6,7,0,6,12,12,3,12,12,11,10,11,5,12,6,11
LU16,LU16_314,12,1,0,0,5,0,0,3,3,0,0,11,0,0,7,12,12,7,12,12,9,9,12,12,12,1,12
LU16,LU16_36,12,6,0,0,8,0,3,9,0,0,8,11,2,0,2,12,12,4,12,9,3,12,12,10,12,1,4
LU16,LU16_37,11,6,0,0,0,0,2,0,8,0,2,3,5,0,2,11,11,11,11,9,11,3,11,6,11,8,9
LU16,LU16_49,12,3,0,0,10,1,4,1,0,1,3,1,10,0,5,12,12,2,11,8,11,12,11,2,12,11,9
LU16,LU16_52,12,5,0,0,9,0,2,1,2,1,5,10,10,0,3,12,12,3,12,10,11,10,11,2,12,2,7
LU16,LU16_54,12,7,0,0,6,2,0,1,2,1,2,3,7,0,1,12,12,6,10,12,11,10,11,5,12,9,10
LU16,LU16_55,4,1,0,0,3,1,0,0,0,0,1,3,3,0,1,4,4,1,3,4,4,4,4,1,4,1,3
LU16,LU16_57,12,2,0,0,7,0,1,0,0,2,3,1,6,0,6,12,12,5,12,11,12,12,10,6,12,11,9
LU16,LU16_58,12,3,0,0,3,3,0,1,1,1,5,3,7,0,5,12,12,9,9,12,11,11,11,5,12,9,7
LU16,LU16_60,12,6,0,0,5,0,1,1,2,2,8,6,4,0,2,12,12,7,12,11,11,10,10,8,12,6,4
LU16,LU16_62,12,3,0,0,2,0,0,0,0,1,9,1,6,0,5,12,12,10,12,12,12,12,11,6,12,11,3
LU16,LU16_63,12,4,0,0,10,3,0,1,3,0,6,2,1,0,4,12,12,2,9,12,11,9,12,11,12,10,6
LU16,LU16_67,12,2,0,0,10,4,0,1,0,0,9,2,0,1,6,12,12,2,8,12,11,12,12,12,11,10,3
LU16,LU16_68,12,1,0,0,1,0,0,0,0,1,4,0,0,0,7,12,12,11,12,12,12,12,11,12,12,12,8
LU16,LU16_69,12,7,0,0,1,0,0,1,2,0,3,2,0,0,1,12,12,11,12,12,11,10,12,12,12,10,9
LU16,LU16_70,12,7,0,0,3,0,1,0,2,1,8,0,1,0,1,12,12,9,12,11,12,10,11,11,12,12,4
LU16,LU16_71,12,0,0,0,1,0,0,0,0,2,7,0,1,0,8,12,12,11,12,12,12,12,10,11,12,12,5
LU16,LU16_72,12,4,0,0,4,2,0,4,3,1,11,8,2,0,4,12,12,8,10,12,8,9,11,10,12,4,1
LU16,LU16_73,12,3,0,0,1,0,0,1,2,0,12,3,2,0,5,12,12,11,12,12,11,10,12,10,12,9,0
LU16,LU16_74,12,5,0,0,6,1,0,7,2,0,12,12,1,0,3,12,12,6,11,12,5,10,12,11,12,0,0
LU16,LU16_75,12,0,0,0,5,0,1,0,0,2,1,0,2,0,8,12,12,7,12,11,12,12,10,10,12,12,11
LU16,LU16_77,12,3,1,0,0,0,0,0,0,9,1,0,2,0,5,11,12,12,12,12,12,12,3,10,12,12,11
LU16,LU16_80,12,2,0,0,3,0,1,0,1,4,0,0,2,0,6,12,12,9,12,11,12,11,8,10,12,12,12
LU16,LU16_81,11,1,0,0,1,0,0,0,0,7,9,0,1,0,7,11,11,10,11,11,11,11,4,10,11,11,2
LU16,LU16_83,12,3,0,0,4,3,0,2,4,0,7,5,2,0,5,12,12,8,9,12,10,8,12,10,12,7,5
LU16,LU16_84,12,5,0,0,4,1,1,3,2,2,8,8,4,0,3,12,12,8,11,11,9,10,10,8,12,4,4
LU16,LU16_85,12,6,0,0,1,1,0,1,3,0,5,11,4,0,2,12,12,11,11,12,11,9,12,8,12,1,7
LU16,LU16_88,12,7,1,0,3,0,1,3,1,4,8,2,0,2,1,11,12,9,12,11,9,11,8,12,10,10,4
LU22,LU22_4,10,1,0,0,1,0,0,1,0,0,0,5,0,0,6,10,10,9,10,10,9,10,10,10,10,5,10
LU22,LU22_5,11,4,0,0,3,2,0,0,1,0,9,10,0,0,3,11,11,8,9,11,11,10,11,11,11,1,2
LU22,LU22_6,1,0,0,0,0,0,0,0,0,0,0,0,0,0,1,1,1,1,1,1,1,1,1,1,1,1,1
LU22,LU22_7,11,2,0,0,0,1,1,1,0,0,5,4,1,0,5,11,11,11,10,10,10,11,11,10,11,7,6
LU22,LU22_8,11,4,0,0,0,3,0,1,0,0,0,1,1,0,3,11,11,11,8,11,10,11,11,10,11,10,11
LU22,LU22_101,11,1,0,0,0,0,1,0,2,0,0,0,1,0,6,11,11,11,11,10,11,9,11,10,11,11,11
LU22,LU22_103,11,2,0,0,2,2,0,1,0,0,0,5,1,0,5,11,11,9,9,11,10,11,11,10,11,6,11
LU22,LU22_107,11,1,0,0,0,2,0,0,0,0,0,11,2,0,6,11,11,11,9,11,11,11,11,9,11,0,11
LU22,LU22_11,11,0,0,0,1,1,2,3,0,0,11,11,1,0,7,11,11,10,10,9,8,11,11,10,11,0,0
LU22,LU22_110,10,4,0,0,5,2,0,2,0,0,1,2,3,0,3,10,10,5,8,10,8,10,10,7,10,8,9
LU22,LU22_15,11,2,0,0,0,4,0,0,0,0,11,6,2,0,5,11,11,11,7,11,11,11,11,9,11,5,0
LU22,LU22_17,10,1,0,0,3,2,0,0,0,0,1,2,2,0,6,10,10,7,8,10,10,10,10,8,10,8,9
LU22,LU22_18,11,5,0,0,5,3,0,2,1,0,1,5,1,0,2,11,11,6,8,11,9,10,11,10,11,6,10
LU22,LU22_21,11,2,0,0,2,2,2,1,0,0,1,4,1,0,5,11,11,9,9,9,10,11,11,10,11,7,10
LU22,LU22_22,11,1,0,0,7,1,2,1,0,0,5,2,0,0,6,11,11,4,10,9,10,11,11,11,11,9,6
LU22,LU22_25,11,4,0,0,1,1,0,0,0,0,0,5,2,0,3,11,11,10,10,11,11,11,11,9,11,6,11
LU22,LU22_29,11,1,0,0,2,2,1,2,1,0,0,3,2,0,6,11,11,9,9,10,9,10,11,9,11,8,11
LU22,LU22_30,11,4,0,0,2,9,1,0,0,0,3,3,1,0,3,11,11,9,2,10,11,11,11,10,11,8,8
LU22,LU22_32,11,2,0,0,1,1,1,0,0,0,1,8,3,0,5,11,11,10,10,10,11,11,11,8,11,3,10
LU22,LU22_33,11,3,0,0,1,2,0,4,0,0,4,10,2,0,4,11,11,10,9,11,7,11,11,9,11,1,7
LU22,LU22_34,11,2,0,0,0,2,0,3,0,0,0,0,3,0,5,11,11,11,9,11,8,11,11,8,11,11,11
LU22,LU22_35,11,3,0,0,1,4,0,0,0,0,2,0,1,0,4,11,11,10,7,11,11,11,11,10,11,11,9
LU22,LU22_36,11,2,0,0,8,3,1,0,0,0,2,8,0,0,5,11,11,3,8,10,11,11,11,11,11,3,9
LU22,LU22_38,4,0,0,0,3,1,0,1,0,0,2,0,0,0,2,4,4,1,3,4,3,4,4,4,4,4,2
LU22,LU22_40,11,2,0,0,1,3,0,0,0,2,11,1,0,0,5,11,11,10,8,11,11,11,9,11,11,10,0
LU22,LU22_44,10,4,0,0,7,2,0,1,0,0,0,8,4,0,3,10,10,3,8,10,9,10,10,6,10,2,10
LU22,LU22_46,11,1,0,0,1,1,1,0,0,0,1,0,2,0,6,11,11,10,10,10,11,11,11,9,11,11,10
LU22,LU22_47,11,3,0,0,2,1,0,0,0,0,6,1,2,0,4,11,11,9,10,11,11,11,11,9,11,10,5
LU22,LU22_48,11,3,0,0,2,3,0,1,0,0,4,1,6,0,4,11,11,9,8,11,10,11,11,5,11,10,7
LU22,LU22_49,11,4,0,0,1,2,0,0,0,0,0,2,3,0,3,11,11,10,9,11,11,11,11,8,11,9,11
LU22,LU22_50,10,1,0,0,1,2,1,0,1,0,3,0,2,0,6,10,10,9,8,9,10,9,10,8,10,10,7
LU22,LU22_53,11,5,0,0,2,0,0,0,0,0,6,8,2,0,2,11,11,9,11,11,11,11,11,9,11,3,5
LU22,LU22_60,11,2,0,0,2,0,1,0,0,0,2,3,2,0,5,11,11,9,11,10,11,11,11,9,11,8,9
LU22,LU22_61,10,1,0,0,0,3,0,0,0,0,2,8,0,0,6,10,10,10,7,10,10,10,10,10,10,2,8
LU22,LU22_63,11,1,0,0,3,1,0,1,0,0,9,0,0,0,6,11,11,8,10,11,10,11,11,11,11,11,2
LU22,LU22_65,11,3,0,0,1,0,0,0,1,0,9,2,0,0,4,11,11,10,11,11,11,10,11,11,11,9,2
LU22,LU22_69,11,1,0,0,8,1,1,2,0,0,10,10,2,0,6,11,11,3,10,10,9,11,11,9,11,1,1
LU22,LU22_70,11,2,0,0,3,1,0,0,0,0,2,0,4,0,5,11,11,8,10,11,11,11,11,7,11,11,9
LU22,LU22_71,11,0,0,0,2,1,0,0,0,0,8,0,2,0,7,11,11,9,10,11,11,11,11,9,11,11,3
LU22,LU22_72,10,1,0,0,0,0,0,0,1,0,6,1,3,0,6,10,10,10,10,10,10,9,10,7,10,9,4
LU22,LU22_76,11,2,0,0,3,8,0,3,0,0,8,5,2,0,5,11,11,8,3,11,8,11,11,9,11,6,3
LU22,LU22_77,11,4,0,0,1,1,2,0,1,0,1,0,1,0,3,11,11,10,10,9,11,10,11,10,11,11,10
LU22,LU22_80,11,3,0,0,1,5,0,0,1,0,0,10,0,0,4,11,11,10,6,11,11,10,11,11,11,1,11
LU22,LU22_81,11,2,0,0,6,5,0,0,0,0,1,4,1,1,5,11,11,5,6,11,11,11,11,10,10,7,10
LU22,LU22_82,11,0,0,0,6,0,0,1,1,0,1,9,0,0,7,11,11,5,11,11,10,10,11,11,11,2,10
LU22,LU22_85,11,2,0,0,9,1,0,5,0,0,1,4,3,0,5,11,11,2,10,11,6,11,11,8,11,7,10
LU22,LU22_86,11,3,0,0,1,2,0,2,3,0,0,0,0,0,4,11,11,10,9,11,9,8,11,11,11,11,11
LU22,LU22_87,11,0,0,0,3,1,1,0,0,0,1,5,1,0,7,11,11,8,10,10,11,11,11,10,11,6,10
LU22,LU22_89,11,1,0,0,9,1,0,6,1,0,3,11,1,0,6,11,11,2,10,11,5,10,11,10,11,0,8
LU22,LU22_94,11,3,0,0,9,3,0,0,0,0,5,2,0,0,4,11,11,2,8,11,11,11,11,11,11,9,6
WF,WF_1,13,0,0,0,0,1,1,0,0,0,0,0,2,0,9,13,13,13,12,12,13,13,13,11,13,13,13
WF,WF_10,13,2,0,0,0,0,1,0,6,0,0,0,3,0,7,13,13,13,13,12,13,7,13,10,13,13,13
WF,WF_100,11,2,0,0,0,0,0,1,1,0,0,0,2,0,5,11,11,11,11,11,10,10,11,9,11,11,11
WF,WF_11,13,1,0,0,0,1,0,0,2,0,0,2,1,0,8,13,13,13,12,13,13,11,13,12,13,11,13
WF,WF_12,13,7,0,0,1,0,6,1,1,0,0,4,3,0,2,13,13,12,13,7,12,12,13,10,13,9,13
WF,WF_13,13,1,0,0,0,0,1,1,2,0,0,2,1,0,8,13,13,13,13,12,12,11,13,12,13,11,13
WF,WF_14,13,3,0,0,6,0,4,5,6,0,0,3,1,0,6,13,13,7,13,9,8,7,13,12,13,10,13
WF,WF_15,3,0,0,0,0,0,1,1,1,0,0,2,2,0,3,3,3,3,3,2,2,2,3,1,3,1,3
WF,WF_16,1,0,0,0,1,1,1,0,0,0,0,1,0,0,1,1,1,0,0,0,1,1,1,1,1,0,1
WF,WF_17,13,1,6,0,2,0,1,1,2,0,0,1,1,0,8,7,13,11,13,12,12,11,13,12,13,12,13
WF,WF_18,13,2,0,0,4,0,1,4,4,0,0,3,6,0,7,13,13,9,13,12,9,9,13,7,13,10,13
WF,WF_19,13,0,0,0,2,0,1,0,2,0,0,5,3,0,9,13,13,11,13,12,13,11,13,10,13,8,13
WF,WF_2,13,5,0,0,1,0,5,4,9,0,0,1,3,0,4,13,13,12,13,8,9,4,13,10,13,12,13
WF,WF_20,13,0,0,0,0,0,0,0,2,0,0,2,0,0,9,13,13,13,13,13,13,11,13,13,13,11,13
WF,WF_21,13,0,0,0,0,0,0,0,1,0,0,0,0,0,9,13,13,13,13,13,13,12,13,13,13,13,13
WF,WF_22,13,3,0,0,0,0,0,0,4,0,0,4,6,0,6,13,13,13,13,13,13,9,13,7,13,9,13
WF,WF_23,13,1,0,0,0,0,0,0,2,0,0,0,0,0,8,13,13,13,13,13,13,11,13,13,13,13,13
WF,WF_24,13,2,0,0,0,0,0,1,2,0,0,0,4,0,7,13,13,13,13,13,12,11,13,9,13,13,13
WF,WF_25,12,1,0,0,0,0,0,0,3,0,0,0,0,0,7,12,12,12,12,12,12,9,12,12,12,12,12
WF,WF_26,13,5,0,0,0,0,1,1,5,1,0,0,7,0,4,13,13,13,13,12,12,8,12,6,13,13,13
WF,WF_27,13,3,0,0,1,0,3,0,4,0,0,0,3,0,6,13,13,12,13,10,13,9,13,10,13,13,13
WF,WF_28,12,4,0,0,1,0,1,0,0,0,0,2,4,0,4,12,12,11,12,11,12,12,12,8,12,10,12
WF,WF_29,13,5,0,0,2,0,0,1,2,2,0,0,4,0,4,13,13,11,13,13,12,11,11,9,13,13,13
WF,WF_3,11,1,0,0,0,0,0,0,2,0,0,3,1,0,6,11,11,11,11,11,11,9,11,10,11,8,11
WF,WF_30,13,0,0,0,2,0,0,0,2,0,0,2,6,0,9,13,13,11,13,13,13,11,13,7,13,11,13
WF,WF_32,13,5,0,0,0,0,1,0,4,0,0,2,5,0,4,13,13,13,13,12,13,9,13,8,13,11,13
WF,WF_33,13,0,0,0,0,0,0,3,5,0,0,0,7,0,9,13,13,13,13,13,10,8,13,6,13,13,13
WF,WF_34,3,2,0,0,2,0,0,0,1,0,0,2,1,0,1,3,3,1,3,3,3,2,3,2,3,1,3
WF,WF_35,13,2,0,0,0,0,2,0,3,0,0,0,8,0,7,13,13,13,13,11,13,10,13,5,13,13,13
WF,WF_36,1,1,0,0,0,0,0,0,0,0,0,0,0,0,0,1,1,1,1,1,1,1,1,1,1,1,1
WF,WF_37,13,4,0,0,1,1,0,0,4,0,0,1,4,0,5,13,13,12,12,13,13,9,13,9,13,12,13
WF,WF_38,13,3,0,0,0,0,0,0,0,0,0,2,2,0,6,13,13,13,13,13,13,13,13,11,13,11,13
WF,WF_39,13,0,0,0,0,0,1,0,0,0,0,1,0,0,9,13,13,13,13,12,13,13,13,13,13,12,13
WF,WF_4,13,3,0,0,0,0,6,0,2,1,0,1,3,0,6,13,13,13,13,7,13,11,12,10,13,12,13
WF,WF_40,1,0,0,0,0,0,0,0,0,0,0,0,1,0,1,1,1,1,1,1,1,1,1,0,1,1,1
WF,WF_41,13,0,0,0,0,0,0,0,0,0,0,0,2,0,9,13,13,13,13,13,13,13,13,11,13,13,13
WF,WF_42,3,0,0,0,1,0,0,0,1,0,0,0,0,0,3,3,3,2,3,3,3,2,3,3,3,3,3
WF,WF_43,13,0,0,0,0,0,0,0,2,0,0,2,2,0,9,13,13,13,13,13,13,11,13,11,13,11,13
WF,WF_44,13,2,0,1,0,1,1,0,4,0,0,1,1,0,7,13,12,13,12,12,13,9,13,12,13,12,13
WF,WF_45,9,1,0,0,0,0,0,0,5,0,0,0,0,0,7,9,9,9,9,9,9,4,9,9,9,9,9
WF,WF_46,13,7,0,0,1,2,7,7,3,0,0,4,4,0,2,13,13,12,11,6,6,10,13,9,13,9,13
WF,WF_47,12,5,0,0,1,0,0,2,6,0,0,2,7,0,3,12,12,11,12,12,10,6,12,5,12,10,12
WF,WF_48,13,4,0,0,0,0,1,1,5,0,0,0,4,0,5,13,13,13,13,12,12,8,13,9,13,13,13
WF,WF_49,13,5,0,0,2,0,5,1,6,0,0,0,1,0,4,13,13,11,13,8,12,7,13,12,13,13,13
WF,WF_5,13,5,0,0,3,0,0,2,1,2,0,4,7,0,4,13,13,10,13,13,11,12,11,6,13,9,13
WF,WF_50,13,5,0,0,0,1,0,1,4,0,0,1,1,0,4,13,13,13,12,13,12,9,13,12,13,12,13
WF,WF_51,13,3,0,0,5,0,7,1,0,1,0,1,2,0,6,13,13,8,13,6,12,13,12,11,13,12,13
WF,WF_52,13,1,0,0,0,0,0,0,1,0,0,0,0,0,8,13,13,13,13,13,13,12,13,13,13,13,13
WF,WF_53,13,0,1,0,0,0,5,1,7,0,0,4,1,0,9,12,13,13,13,8,12,6,13,12,13,9,13
WF,WF_54,13,1,0,0,0,0,2,0,1,0,0,0,1,0,8,13,13,13,13,11,13,12,13,12,13,13,13
WF,WF_55,13,1,0,0,0,0,0,0,4,0,0,0,0,0,8,13,13,13,13,13,13,9,13,13,13,13,13
WF,WF_56,13,2,4,0,0,0,1,1,6,0,0,5,3,0,7,9,13,13,13,12,12,7,13,10,13,8,13
WF,WF_57,2,1,0,0,0,0,1,0,1,0,0,0,0,0,1,2,2,2,2,1,2,1,2,2,2,2,2
WF,WF_58,13,1,0,0,0,0,0,1,3,0,0,3,2,0,8,13,13,13,13,13,12,10,13,11,13,10,13
WF,WF_59,13,0,0,0,0,1,0,0,0,0,0,0,2,0,9,13,13,13,12,13,13,13,13,11,13,13,13
WF,WF_6,13,2,0,0,0,0,0,0,2,0,0,0,0,0,7,13,13,13,13,13,13,11,13,13,13,13,13
WF,WF_60,3,1,0,0,0,0,0,0,2,0,0,0,1,0,2,3,3,3,3,3,3,1,3,2,3,3,3
WF,WF_61,13,1,0,0,0,0,0,0,6,0,0,0,0,0,8,13,13,13,13,13,13,7,13,13,13,13,13
WF,WF_62,13,2,0,0,0,1,0,3,3,0,0,6,2,0,7,13,13,13,12,13,10,10,13,11,13,7,13
WF,WF_63,13,2,0,0,0,0,0,0,4,0,0,0,2,0,7,13,13,13,13,13,13,9,13,11,13,13,13
WF,WF_64,3,0,0,0,0,0,0,0,1,0,0,0,2,0,3,3,3,3,3,3,3,2,3,1,3,3,3
WF,WF_65,13,0,0,0,0,0,0,0,0,0,0,0,2,0,9,13,13,13,13,13,13,13,13,11,13,13,13
WF,WF_66,13,2,0,0,0,0,0,0,3,0,0,0,7,0,7,13,13,13,13,13,13,10,13,6,13,13,13
WF,WF_67,13,4,1,0,0,2,0,0,7,1,0,3,8,0,5,12,13,13,11,13,13,6,12,5,13,10,13
WF,WF_68,13,0,0,0,0,0,1,1,0,0,0,4,2,0,9,13,13,13,13,12,12,13,13,11,13,9,13
WF,WF_69,12,3,0,0,0,0,1,0,0,0,0,0,6,0,5,12,12,12,12,11,12,12,12,6,12,12,12
WF,WF_7,13,5,0,0,1,0,1,0,1,0,0,1,6,0,4,13,13,12,13,12,13,12,13,7,13,12,13
WF,WF_70,13,1,0,0,0,0,0,0,3,0,0,0,5,0,8,13,13,13,13,13,13,10,13,8,13,13,13
WF,WF_71,13,1,0,0,0,0,0,0,5,0,0,0,7,0,8,13,13,13,13,13,13,8,13,6,13,13,13
WF,WF_72,1,0,0,0,0,0,0,0,0,1,0,0,0,0,1,1,1,1,1,1,1,1,0,1,1,1,1
WF,WF_73,13,5,0,0,2,0,2,0,3,0,0,0,9,0,4,13,13,11,13,11,13,10,13,4,13,13,13
WF,WF_74,12,2,0,0,0,0,0,0,2,0,0,0,7,0,6,12,12,12,12,12,12,10,12,5,12,12,12
WF,WF_75,11,0,0,0,1,0,0,2,1,0,0,3,0,0,7,11,11,10,11,11,9,10,11,11,11,8,11
WF,WF_76,6,0,0,0,0,0,1,0,3,0,0,0,0,0,2,6,6,6,6,5,6,3,6,6,6,6,6
WF,WF_77,11,1,0,0,0,0,1,2,1,0,0,2,4,0,6,11,11,11,11,10,9,10,11,7,11,9,11
WF,WF_78,11,1,0,0,0,0,2,0,1,0,0,0,7,0,6,11,11,11,11,9,11,10,11,4,11,11,11
WF,WF_79,11,0,0,0,0,0,0,2,3,0,0,2,3,0,7,11,11,11,11,11,9,8,11,8,11,9,11
WF,WF_8,13,6,0,0,1,0,1,0,7,0,0,0,6,0,3,13,13,12,13,12,13,6,13,7,13,13,13
WF,WF_80,6,0,0,0,0,0,0,0,3,0,0,0,1,0,2,6,6,6,6,6,6,3,6,5,6,6,6
WF,WF_81,11,2,0,0,2,0,1,2,5,0,0,3,2,0,5,11,11,9,11,10,9,6,11,9,11,8,11
WF,WF_82,11,1,1,0,1,0,0,4,6,0,0,5,0,0,6,10,11,10,11,11,7,5,11,11,11,6,11
WF,WF_83,11,0,0,0,0,0,2,2,0,0,0,2,3,0,7,11,11,11,11,9,9,11,11,8,11,9,11
WF,WF_85,11,2,0,0,0,0,0,0,3,0,0,0,5,0,5,11,11,11,11,11,11,8,11,6,11,11,11
WF,WF_86,11,0,0,0,0,0,1,0,2,0,0,1,7,0,7,11,11,11,11,10,11,9,11,4,11,10,11
WF,WF_87,10,1,0,0,0,0,0,0,1,0,0,0,9,0,5,10,10,10,10,10,10,9,10,1,10,10,10
WF,WF_88,6,0,0,0,0,0,0,2,2,0,0,1,3,0,2,6,6,6,6,6,4,4,6,3,6,5,6
WF,WF_89,5,2,0,0,0,0,0,0,2,0,0,0,5,0,3,5,5,5,5,5,5,3,5,0,5,5,5
WF,WF_9,13,4,0,0,0,0,1,0,3,0,0,1,2,0,5,13,13,13,13,12,13,10,13,11,13,12,13
WF,WF_90,11,2,0,0,0,0,2,1,2,0,0,4,4,0,5,11,11,11,11,9,10,9,11,7,11,7,11
WF,WF_91,11,0,0,0,0,0,1,0,2,0,0,0,11,0,7,11,11,11,11,10,11,9,11,0,11,11,11
WF,WF_92,11,2,0,0,0,0,0,0,1,0,0,2,5,0,5,11,11,11,11,11,11,10,11,6,11,9,11
WF,WF_93,11,1,0,0,1,0,0,1,1,0,0,4,6,0,6,11,11,10,11,11,10,10,11,5,11,7,11
WF,WF_94,10,2,0,0,0,0,1,1,1,0,0,0,10,0,4,10,10,10,10,9,9,9,10,0,10,10,10
WF,WF_95,11,2,0,0,0,0,0,1,1,0,0,0,10,0,5,11,11,11,11,11,10,10,11,1,11,11,11
WF,WF_96,11,5,0,0,1,0,1,0,2,0,0,0,5,0,2,11,11,10,11,10,11,9,11,6,11,11,11
WF,WF_97,11,0,0,0,2,0,0,1,2,0,0,4,5,0,7,11,11,9,11,11,10,9,11,6,11,7,11
WF,WF_98,11,3,0,0,1,0,4,0,6,0,0,0,3,0,4,11,11,10,11,7,11,5,11,8,11,11,11
WF,WF_99,11,1,0,0,0,0,1,0,4,0,0,0,2,0,6,11,11,11,11,10,11,7,11,9,11,11,11
