array,site,weeks_active,black_bear,caribou,cougar,coyote,fisher,grey_wolf,lynx,moose,red_fox,red_squirrel,snowshoe_hare,white_tailed_deer,wolverine,absent_black_bear,absent_caribou,absent_cougar,absent_coyote,absent_fisher,absent_grey_wolf,absent_lynx,absent_moose,absent_red_fox,absent_white_tailed_deer,absent_wolverine,absent_snowshoe_hare,absent_red_squirrel
LU1,LU1_10,24,4,0,0,4,6,0,0,2,0,0,1,22,0,20,24,24,20,18,24,24,22,24,2,24,23,24
LU1,LU1_11,64,7,0,1,11,4,2,1,7,2,9,6,34,0,40,64,63,53,60,62,63,57,62,30,64,58,55
LU1,LU1_13,65,12,0,0,12,3,0,0,14,0,0,0,41,0,36,65,65,53,62,65,65,51,65,24,65,65,65
LU1,LU1_22,64,11,0,1,18,4,0,1,1,0,26,13,28,0,36,64,63,46,60,64,63,63,64,36,64,51,38
LU1,LU1_25,64,20,0,0,13,1,0,1,0,0,1,2,43,0,27,64,64,51,63,64,63,64,64,21,64,62,63
LU1,LU1_27,65,4,0,0,22,1,1,0,2,0,47,3,40,0,44,65,65,43,64,64,65,63,65,25,65,62,18
LU1,LU1_30,65,9,0,0,0,1,0,0,6,0,0,0,17,0,39,65,65,65,64,65,65,59,65,48,65,65,65
LU1,LU1_32,64,19,0,0,14,0,0,0,2,7,19,31,20,0,28,64,64,50,64,64,64,62,57,44,64,33,45
LU1,LU1_36,64,12,0,0,5,3,0,2,0,0,5,8,13,0,35,64,64,59,61,64,62,64,64,51,64,56,59
LU1,LU1_40,62,10,0,0,13,4,0,1,3,0,3,13,20,0,35,62,62,49,58,62,61,59,62,42,62,49,59
LU1,LU1_41,65,5,0,0,11,0,1,0,2,3,6,13,34,0,43,65,65,54,65,64,65,63,62,31,65,52,59
LU1,LU1_43,64,3,0,0,16,2,0,1,2,0,7,32,23,0,44,64,64,48,62,64,63,62,64,41,64,32,57
LU1,LU1_44,65,2,0,0,12,8,0,0,0,7,36,15,25,0,46,65,65,53,57,65,65,65,58,40,65,50,29
LU1,LU1_45,64,5,0,1,4,2,0,2,1,0,0,10,46,0,42,64,63,60,62,64,62,63,64,18,64,54,64
LU1,LU1_46,64,3,0,1,31,3,0,2,0,0,23,27,30,0,44,64,63,33,61,64,62,64,64,34,64,37,41
LU1,LU1_47,65,6,0,1,28,2,0,2,4,13,18,50,36,0,42,65,64,37,63,65,63,61,52,29,65,15,47
LU1,LU1_48,64,12,0,2,6,6,0,1,0,0,11,3,42,0,35,64,62,58,58,64,63,64,64,22,64,61,53
LU1,LU1_6,64,16,0,0,5,5,0,0,4,0,3,5,24,0,31,64,64,59,59,64,64,60,64,40,64,59,61
LU1,LU1_60,64,7,0,0,3,0,0,1,3,0,0,6,35,0,40,64,64,61,64,64,63,61,64,29,64,58,64
LU1,LU1_63,24,4,0,0,9,0,1,4,4,0,14,0,14,0,20,24,24,15,24,23,20,20,24,10,24,24,10
LU1,LU1_64,64,8,0,0,4,0,0,0,1,0,0,0,41,0,39,64,64,60,64,64,64,63,64,23,64,64,64
LU1,LU1_66,65,3,0,0,10,1,0,5,12,0,45,17,36,0,45,65,65,55,64,65,60,53,65,29,65,48,20
LU1,LU1_67,64,21,0,0,13,10,0,1,2,6,17,45,31,0,26,64,64,51,54,64,63,62,58,33,64,19,47
LU1,LU1_70,42,2,0,0,2,1,1,1,2,1,9,4,25,0,23,42,42,40,41,41,41,40,41,17,42,38,33
LU1,LU1_71,64,5,0,0,27,7,0,0,0,0,21,5,27,0,42,64,64,37,57,64,64,64,64,37,64,59,43
LU1,LU1_72,14,9,0,0,3,0,0,0,0,0,0,1,10,0,5,14,14,11,14,14,14,14,14,4,14,13,14
LU1,LU1_73,65,2,0,0,15,0,0,4,9,0,9,58,14,0,46,65,65,50,65,65,61,56,65,51,65,7,56
LU1,LU1_74,65,6,0,0,8,4,2,7,0,1,2,27,26,0,42,65,65,57,61,63,58,65,64,39,65,38,63
LU1,LU1_75,65,5,0,0,12,1,1,0,0,0,1,11,19,0,43,65,65,53,64,64,65,65,65,46,65,54,64
LU1,LU1_76,28,4,0,0,12,0,1,1,1,2,1,11,16,0,21,28,28,16,28,27,27,27,26,12,28,17,27
LU1,LU1_77,14,3,0,0,3,0,0,0,0,0,0,0,4,0,11,14,14,11,14,14,14,14,14,10,14,14,14
LU1,LU1_78,64,1,0,0,7,0,0,3,1,0,0,7,13,0,46,64,64,57,64,64,61,63,64,51,64,57,64
LU1,LU1_79,64,3,0,0,12,1,0,1,0,0,2,40,8,0,44,64,64,52,63,64,63,64,64,56,64,24,62
LU1,LU1_80,64,4,0,0,7,1,3,0,0,1,0,1,36,0,43,64,64,57,63,61,64,64,63,28,64,63,64
LU1,LU1_82,65,7,0,0,10,6,0,4,0,0,21,31,8,0,41,65,65,55,59,65,61,65,65,57,65,34,44
LU1,LU1_83,64,8,0,0,8,0,0,1,0,0,10,4,9,0,39,64,64,56,64,64,63,64,64,55,64,60,54
LU1,LU1_84,64,13,0,0,8,1,1,2,1,1,24,46,18,0,34,64,64,56,63,63,62,63,63,46,64,18,40
LU1,LU1_85,50,5,0,0,9,3,3,2,1,0,19,17,29,0,28,50,50,41,47,47,48,49,50,21,50,33,31
LU1,LU1_86,58,3,0,0,8,2,0,0,0,0,11,1,33,0,38,58,58,50,56,58,58,58,58,25,58,57,47
LU13,LU13_11,49,1,0,0,5,0,0,2,0,0,0,15,0,0,34,49,49,44,49,49,47,49,49,49,49,34,49
LU13,LU13_12,53,3,0,0,1,0,0,1,3,0,0,4,3,0,33,53,53,52,53,53,52,50,53,50,53,49,53
LU13,LU13_128,44,9,0,0,7,0,10,7,6,0,3,9,3,0,26,44,44,37,44,34,37,38,44,41,44,35,41
LU13,LU13_13,48,10,0,0,2,1,2,2,3,0,3,5,7,1,25,48,48,46,47,46,46,45,48,41,47,43,45
LU13,LU13_131,49,6,0,0,1,0,1,8,4,0,4,11,3,3,29,49,49,48,49,48,41,45,49,46,46,38,45
LU13,LU13_14,51,9,0,0,3,0,0,1,4,0,0,7,4,0,26,51,51,48,51,51,50,47,51,47,51,44,51
LU13,LU13_15,52,7,0,0,9,0,3,1,0,0,3,12,8,0,30,52,52,43,52,49,51,52,52,44,52,40,49
LU13,LU13_16,52,4,0,0,9,0,0,4,2,0,13,2,3,0,33,52,52,43,52,52,48,50,52,49,52,50,39
LU13,LU13_17,53,8,0,0,11,0,0,4,7,0,3,9,2,0,28,53,53,42,53,53,49,46,53,51,53,44,50
LU13,LU13_18,54,2,0,0,18,0,0,4,0,0,20,27,10,0,35,54,54,36,54,54,50,54,54,44,54,27,34
LU13,LU13_19,53,3,0,0,0,0,2,1,6,0,6,24,0,0,33,53,53,53,53,51,52,47,53,53,53,29,47
LU13,LU13_20,53,4,0,0,1,0,0,2,2,0,3,11,0,0,32,53,53,52,53,53,51,51,53,53,53,42,50
LU13,LU13_21,54,1,0,0,23,0,0,1,0,0,6,15,8,0,36,54,54,31,54,54,53,54,54,46,54,39,48
LU13,LU13_22,52,5,0,0,7,0,0,2,4,0,4,10,0,0,31,52,52,45,52,52,50,48,52,52,52,42,48
LU13,LU13_26,53,4,0,0,0,1,1,1,3,0,4,3,0,0,32,53,53,53,52,52,52,50,53,53,53,50,49
LU13,LU13_27,53,0,0,0,0,0,0,0,0,0,0,9,0,0,36,53,53,53,53,53,53,53,53,53,53,44,53
LU13,LU13_3,54,19,0,0,8,0,0,0,6,0,0,0,4,0,18,54,54,46,54,54,54,48,54,50,54,54,54
LU13,LU13_30,50,5,0,0,12,0,2,3,4,1,1,6,4,0,30,50,50,38,50,48,47,46,49,46,50,44,49
LU13,LU13_32,50,3,0,0,1,0,0,5,1,0,1,18,1,1,32,50,50,49,50,50,45,49,50,49,49,32,49
LU13,LU13_33,53,3,0,0,4,0,0,18,2,0,8,11,1,1,33,53,53,49,53,53,35,51,53,52,52,42,45
LU13,LU13_34,54,4,0,0,3,2,3,0,0,1,15,0,0,0,33,54,54,51,52,51,54,54,53,54,54,54,39
LU13,LU13_35,53,13,3,0,3,0,1,0,9,0,1,0,1,0,23,50,53,50,53,52,53,44,53,52,53,53,52
LU13,LU13_36,54,1,0,0,0,1,0,0,2,0,0,0,0,0,36,54,54,54,53,54,54,52,54,54,54,54,54
LU13,LU13_37,49,3,0,0,0,0,0,1,2,0,1,4,0,0,33,49,49,49,49,49,48,47,49,49,49,45,48
LU13,LU13_38,51,3,0,0,0,0,1,4,3,0,0,3,0,0,33,51,51,51,51,50,47,48,51,51,51,48,51
LU13,LU13_41,48,4,0,0,1,0,0,11,3,0,0,0,0,0,31,48,48,47,48,48,37,45,48,48,48,48,48
LU13,LU13_43,48,0,0,0,0,0,0,2,3,0,2,5,0,0,35,48,48,48,48,48,46,45,48,48,48,43,46
LU13,LU13_45,48,2,0,0,0,0,0,1,4,0,1,8,0,0,33,48,48,48,48,48,47,44,48,48,48,40,47
LU13,LU13_47,39,1,0,0,1,0,0,2,4,0,0,5,0,0,34,39,39,38,39,39,37,35,39,39,39,34,39
LU13,LU13_49,52,2,0,0,5,0,0,5,3,0,0,25,0,0,33,52,52,47,52,52,47,49,52,52,52,27,52
LU13,LU13_5,43,2,0,0,0,0,0,0,6,0,0,0,5,0,33,43,43,43,43,43,43,37,43,38,43,43,43
LU13,LU13_51,42,9,0,0,1,0,3,4,2,0,0,0,1,1,26,42,42,41,42,39,38,40,42,41,41,42,42
LU13,LU13_52,54,4,0,0,3,0,3,0,2,0,0,0,1,0,33,54,54,51,54,51,54,52,54,53,54,54,54
LU13,LU13_53,53,2,0,0,1,0,1,0,1,0,3,10,0,1,34,53,53,52,53,52,53,52,53,53,52,43,50
LU13,LU13_55,53,1,0,0,0,0,0,0,0,0,0,0,0,0,35,53,53,53,53,53,53,53,53,53,53,53,53
LU13,LU13_56,53,2,0,0,0,0,0,1,1,0,1,27,0,0,34,53,53,53,53,53,52,52,53,53,53,26,52
LU13,LU13_57,48,0,0,0,2,0,0,1,2,0,0,2,0,0,35,48,48,46,48,48,47,46,48,48,48,46,48
LU13,LU13_59,42,1,0,0,0,0,0,0,1,0,0,3,0,0,34,42,42,42,42,42,42,41,42,42,42,39,42
LU13,LU13_6,48,1,0,0,0,0,0,0,0,0,1,1,0,0,34,48,48,48,48,48,48,48,48,48,48,47,47
LU13,LU13_70,50,3,0,0,1,0,0,1,5,0,1,4,0,0,32,50,50,49,50,50,49,45,50,50,50,46,49
LU13,LU13_8,53,4,0,0,0,0,1,0,0,0,24,1,0,0,32,53,53,53,53,52,53,53,53,53,53,52,29
LU14,LU14_100,52,3,0,0,0,0,0,1,0,0,13,26,0,0,32,52,52,52,52,52,51,52,52,52,52,26,39
LU14,LU14_102,53,0,0,0,0,3,0,1,0,0,17,17,3,0,35,53,53,53,50,53,52,53,53,50,53,36,36
LU14,LU14_105,53,14,0,0,0,1,2,0,1,0,0,0,0,0,21,53,53,53,52,51,53,52,53,53,53,53,53
LU14,LU14_110,49,0,0,0,0,0,6,1,0,0,1,4,0,0,35,49,49,49,49,43,48,49,49,49,49,45,48
LU14,LU14_114,53,2,0,0,0,0,0,3,2,0,3,11,0,0,33,53,53,53,53,53,50,51,53,53,53,42,50
LU14,LU14_115,53,10,0,0,0,1,5,19,2,0,8,7,0,0,25,53,53,53,52,48,34,51,53,53,53,46,45
LU14,LU14_120,53,2,0,0,0,2,1,1,2,0,18,7,0,0,33,53,53,53,51,52,52,51,53,53,53,46,35
LU14,LU14_121,53,1,0,0,0,1,2,0,2,0,13,0,0,0,34,53,53,53,52,51,53,51,53,53,53,53,40
LU14,LU14_131,53,12,0,0,0,1,4,10,2,0,9,8,0,0,23,53,53,53,52,49,43,51,53,53,53,45,44
LU14,LU14_135,53,3,0,0,0,1,1,0,0,0,2,2,0,0,32,53,53,53,52,52,53,53,53,53,53,51,51
LU14,LU14_16,52,3,0,0,0,0,1,4,0,0,23,35,0,0,31,52,52,52,52,51,48,52,52,52,52,17,29
LU14,LU14_17,50,8,0,0,0,0,1,2,4,0,0,11,0,0,26,50,50,50,50,49,48,46,50,50,50,39,50
LU14,LU14_19,52,5,0,0,5,5,0,2,0,0,4,35,1,0,29,52,52,47,47,52,50,52,52,51,52,17,48
LU14,LU14_20,52,10,0,0,0,4,1,0,0,0,0,1,1,0,24,52,52,52,48,51,52,52,52,51,52,51,52
LU14,LU14_250,52,3,0,0,0,3,1,2,1,0,19,0,4,2,31,52,52,52,49,51,50,51,52,48,50,52,33
LU14,LU14_3,52,18,0,0,0,1,2,0,0,0,1,2,2,0,16,52,52,52,51,50,52,52,52,50,52,50,51
LU14,LU14_30,52,1,0,0,0,2,0,0,2,0,1,0,0,0,33,52,52,52,50,52,52,50,52,52,52,52,51
LU14,LU14_31,52,10,0,0,0,0,0,2,0,0,23,26,0,0,24,52,52,52,52,52,50,52,52,52,52,26,29
LU14,LU14_33,52,6,0,0,0,3,0,0,2,0,2,2,0,0,28,52,52,52,49,52,52,50,52,52,52,50,50
LU14,LU14_37,52,10,0,0,0,0,0,0,5,0,2,4,5,0,24,52,52,52,52,52,52,47,52,47,52,48,50
LU14,LU14_47,52,4,0,0,0,5,1,0,0,0,13,3,7,1,30,52,52,52,47,51,52,52,52,45,51,49,39
LU14,LU14_48,52,11,0,0,0,0,0,0,3,0,19,0,2,0,23,52,52,52,52,52,52,49,52,50,52,52,33
LU14,LU14_49,52,8,0,0,0,1,0,0,1,0,0,7,4,0,26,52,52,52,51,52,52,51,52,48,52,45,52
LU14,LU14_51,52,10,0,0,0,4,3,2,5,0,32,11,2,0,24,52,52,52,48,49,50,47,52,50,52,41,20
LU14,LU14_54,52,15,0,0,3,3,0,0,4,0,0,1,0,0,19,52,52,49,49,52,52,48,52,52,52,51,52
LU14,LU14_56,52,3,0,0,0,7,0,9,6,0,15,13,1,1,31,52,52,52,45,52,43,46,52,51,51,39,37
LU14,LU14_61,52,2,0,0,1,7,0,3,2,0,10,9,0,1,32,52,52,51,45,52,49,50,52,52,51,43,42
LU14,LU14_62,50,4,0,0,0,0,1,1,7,0,0,3,0,0,30,50,50,50,50,49,49,43,50,50,50,47,50
LU14,LU14_63,52,14,0,0,0,1,1,1,0,0,21,1,0,0,20,52,52,52,51,51,51,52,52,52,52,51,31
LU14,LU14_66,19,0,0,0,2,0,0,0,1,0,1,0,0,0,9,19,19,17,19,19,19,18,19,19,19,19,18
LU14,LU14_7,52,4,1,0,1,1,0,1,0,0,4,6,0,0,30,51,52,51,51,52,51,52,52,52,52,46,48
LU14,LU14_70,27,0,0,0,0,0,2,2,0,0,12,12,0,0,9,27,27,27,27,25,25,27,27,27,27,15,15
LU14,LU14_71,52,5,0,0,0,0,0,0,0,0,0,0,0,0,29,52,52,52,52,52,52,52,52,52,52,52,52
LU14,LU14_72,49,14,0,0,0,0,1,2,6,0,0,0,0,0,20,49,49,49,49,48,47,43,49,49,49,49,49
LU14,LU14_74,52,8,0,0,0,0,8,10,4,0,16,4,1,2,26,52,52,52,52,44,42,48,52,51,50,48,36
LU14,LU14_75,52,5,0,0,1,0,2,1,2,0,14,9,0,0,29,52,52,51,52,50,51,50,52,52,52,43,38
LU14,LU14_76,52,4,0,0,2,2,8,2,2,0,12,0,1,0,30,52,52,50,50,44,50,50,52,51,52,52,40
LU14,LU14_78,52,2,0,0,1,0,0,0,3,0,5,0,7,0,32,52,52,51,52,52,52,49,52,45,52,52,47
LU14,LU14_8,52,9,0,0,6,7,0,4,3,0,18,6,2,0,25,52,52,46,45,52,48,49,52,50,52,46,34
LU14,LU14_80,52,19,0,0,1,12,2,4,7,0,6,0,4,0,15,52,52,51,40,50,48,45,52,48,52,52,46
LU14,LU14_84,44,5,0,0,0,1,1,0,1,0,1,1,0,0,21,44,44,44,43,43,44,43,44,44,44,43,43
LU14,LU14_85,52,8,1,0,1,0,0,1,0,1,1,0,0,1,26,51,52,51,52,52,51,52,51,52,51,52,51
LU14,LU14_86,53,8,0,0,0,0,0,3,2,0,5,0,3,0,27,53,53,53,53,53,50,51,53,50,53,53,48
LU14,LU14_88,48,6,0,0,1,3,1,1,6,1,5,9,1,0,28,48,48,47,45,47,47,42,47,47,48,39,43
LU14,LU14_9,52,14,0,0,2,3,0,0,0,1,14,9,1,0,20,52,52,50,49,52,52,52,51,51,52,43,38
LU14,LU14_91,53,6,0,0,0,0,1,1,4,0,23,6,0,0,29,53,53,53,53,52,52,49,53,53,53,47,30
LU14,LU14_92,53,11,1,0,0,1,0,3,2,0,3,2,2,0,24,52,53,53,52,53,50,51,53,51,53,51,50
LU14,LU14_96,53,15,0,0,1,1,2,1,8,0,2,1,5,0,20,53,53,52,52,51,52,45,53,48,53,52,51
LU14,LU14_97,53,6,0,0,0,1,0,0,1,0,0,10,1,0,29,53,53,53,52,53,53,52,53,52,53,43,53
LU15,LU15_1,51,4,10,0,0,0,2,0,1,9,1,0,0,0,32,41,51,51,51,49,51,50,42,51,51,51,50
LU15,LU15_10,52,15,0,0,6,0,9,3,10,0,0,1,24,0,20,52,52,46,52,43,49,42,52,28,52,51,52
LU15,LU15_11,52,1,2,0,1,0,0,0,0,0,4,0,0,0,34,50,52,51,52,52,52,52,52,52,52,52,48
LU15,LU15_12,10,0,0,0,0,0,0,0,0,0,0,0,0,0,10,10,10,10,10,10,10,10,10,10,10,10,10
LU15,LU15_14,51,5,2,0,4,0,0,3,5,0,2,2,20,0,30,49,51,47,51,51,48,46,51,31,51,49,49
LU15,LU15_15,52,0,0,0,12,0,1,3,1,0,2,7,16,0,35,52,52,40,52,51,49,51,52,36,52,45,50
LU15,LU15_16,52,5,1,0,2,2,1,3,6,2,1,22,3,0,30,51,52,50,50,51,49,46,50,49,52,30,51
LU15,LU15_17,52,0,0,0,0,0,0,0,0,0,1,3,0,0,35,52,52,52,52,52,52,52,52,52,52,49,51
LU15,LU15_18,51,8,4,0,5,0,3,8,4,0,1,1,2,0,27,47,51,46,51,48,43,47,51,49,51,50,50
LU15,LU15_19,52,0,0,0,1,0,0,1,2,0,1,1,0,0,35,52,52,51,52,52,51,50,52,52,52,51,51
LU15,LU15_2,53,6,6,0,0,3,0,1,2,2,1,0,0,0,30,47,53,53,50,53,52,51,51,53,53,53,52
LU15,LU15_20,47,5,0,0,6,3,5,1,0,0,1,5,14,0,30,47,47,41,44,42,46,47,47,33,47,42,46
LU15,LU15_21,52,7,0,0,4,2,2,0,4,0,4,3,5,0,28,52,52,48,50,50,52,48,52,47,52,49,48
LU15,LU15_22,53,8,0,0,0,0,0,1,1,0,1,3,22,0,28,53,53,53,53,53,52,52,53,31,53,50,52
LU15,LU15_23,52,2,1,0,6,0,1,6,0,0,16,39,9,0,33,51,52,46,52,51,46,52,52,43,52,13,36
LU15,LU15_24,47,8,0,0,5,1,0,0,1,0,9,0,14,0,27,47,47,42,46,47,47,46,47,33,47,47,38
LU15,LU15_25,49,2,0,0,2,0,0,0,7,0,1,1,0,0,33,49,49,47,49,49,49,42,49,49,49,48,48
LU15,LU15_26,53,0,0,0,0,1,2,0,0,2,1,2,1,0,36,53,53,53,52,51,53,53,51,52,53,51,52
LU15,LU15_27,53,9,2,0,2,0,7,2,6,4,0,1,0,0,27,51,53,51,53,46,51,47,49,53,53,52,53
LU15,LU15_28,53,0,1,0,2,0,1,0,1,6,0,0,0,0,36,52,53,51,53,52,53,52,47,53,53,53,53
LU15,LU15_29,52,3,3,0,1,0,1,0,0,4,0,2,0,0,33,49,52,51,52,51,52,52,48,52,52,50,52
LU15,LU15_3,52,2,0,0,3,1,0,0,0,0,25,7,8,0,33,52,52,49,51,52,52,52,52,44,52,45,27
LU15,LU15_30,53,2,0,0,0,0,0,3,11,1,16,21,1,0,34,53,53,53,53,53,50,42,52,52,53,32,37
LU15,LU15_31,53,0,0,0,1,0,0,5,1,0,4,26,1,0,36,53,53,52,53,53,48,52,53,52,53,27,49
LU15,LU15_32,53,4,0,0,6,0,0,13,4,0,33,35,2,0,32,53,53,47,53,53,40,49,53,51,53,18,20
LU15,LU15_34,52,0,1,0,1,0,2,1,4,0,0,3,1,0,35,51,52,51,52,50,51,48,52,51,52,49,52
LU15,LU15_36,52,1,0,0,1,1,0,2,0,0,24,3,0,0,34,52,52,51,51,52,50,52,52,52,52,49,28
LU15,LU15_37,50,1,1,0,1,0,0,1,0,1,39,9,0,0,34,49,50,49,50,50,49,50,49,50,50,41,11
LU15,LU15_4,51,3,3,0,3,0,0,8,0,2,5,7,0,0,32,48,51,48,51,51,43,51,49,51,51,44,46
LU15,LU15_40,52,0,2,0,0,1,1,6,7,0,5,5,1,0,35,50,52,52,51,51,46,45,52,51,52,47,47
LU15,LU15_41,49,4,0,0,1,0,0,1,1,0,2,8,15,0,31,49,49,48,49,49,48,48,49,34,49,41,47
LU15,LU15_43,52,4,3,0,1,0,0,2,5,0,5,3,0,0,31,49,52,51,52,52,50,47,52,52,52,49,47
LU15,LU15_44,51,1,0,0,7,2,1,3,0,0,34,33,0,0,34,51,51,44,49,50,48,51,51,51,51,18,17
LU15,LU15_46,49,10,0,0,2,0,1,3,1,0,5,11,12,0,25,49,49,47,49,48,46,48,49,37,49,38,44
LU15,LU15_58,50,11,0,0,5,0,6,12,18,0,10,2,2,0,24,50,50,45,50,44,38,32,50,48,50,48,40
LU15,LU15_61,51,12,0,0,4,1,0,8,5,0,3,16,15,0,24,51,51,47,50,51,43,46,51,36,51,35,48
LU15,LU15_7,49,5,0,0,2,0,1,0,5,0,3,28,3,0,30,49,49,47,49,48,49,44,49,46,49,21,46
LU15,LU15_8,49,6,0,0,3,0,1,10,0,0,5,11,10,0,29,49,49,46,49,48,39,49,49,39,49,38,44
LU15,LU15_9,47,3,0,0,3,3,1,0,0,0,5,8,1,0,32,47,47,44,44,46,47,47,47,46,47,39,42
LU16,LU16_15,52,4,0,0,13,0,0,10,6,0,9,25,0,0,30,52,52,39,52,52,42,46,52,52,52,27,43
LU16,LU16_2,52,1,0,0,2,0,0,4,2,0,7,18,0,0,33,52,52,50,52,52,48,50,52,52,52,34,45
LU16,LU16_20,52,10,0,0,6,0,0,4,1,0,22,35,0,0,24,52,52,46,52,52,48,51,52,52,52,17,30
LU16,LU16_200,52,10,0,0,8,2,0,16,2,0,3,48,2,0,24,52,52,44,50,52,36,50,52,50,52,4,49
LU16,LU16_201,52,11,0,0,6,0,2,0,3,0,2,1,2,0,23,52,52,46,52,50,52,49,52,50,52,51,50
LU16,LU16_202,52,10,0,0,2,2,3,1,1,0,8,8,0,0,24,52,52,50,50,49,51,51,52,52,52,44,44
LU16,LU16_203,52,6,0,0,8,1,4,3,3,0,3,45,1,0,28,52,52,44,51,48,49,49,52,51,52,7,49
LU16,LU16_22,52,1,0,0,7,0,2,1,0,0,2,13,0,0,33,52,52,45,52,50,51,52,52,52,52,39,50
LU16,LU16_23,52,4,0,0,9,0,0,1,6,0,2,34,0,0,30,52,52,43,52,52,51,46,52,52,52,18,50
LU16,LU16_24,52,8,0,0,13,0,0,14,8,0,1,13,0,0,26,52,52,39,52,52,38,44,52,52,52,39,51
LU16,LU16_25,52,4,0,0,20,0,1,1,6,0,1,24,7,0,30,52,52,32,52,51,51,46,52,45,52,28,51
LU16,LU16_26,52,4,0,0,15,1,0,9,3,1,20,22,0,0,30,52,52,37,51,52,43,49,51,52,52,30,32
LU16,LU16_270,51,16,0,0,6,4,0,0,8,0,10,0,23,0,17,51,51,45,47,51,51,43,51,28,51,51,41
LU16,LU16_28,52,13,0,0,5,1,1,2,3,0,0,18,7,0,21,52,52,47,51,51,50,49,52,45,52,34,52
LU16,LU16_3,52,9,0,0,4,0,0,4,4,0,6,15,0,1,25,52,52,48,52,52,48,48,52,52,51,37,46
LU16,LU16_300,52,5,0,0,4,0,0,3,6,0,0,19,1,0,29,52,52,48,52,52,49,46,52,51,52,33,52
LU16,LU16_301,52,0,0,0,8,0,0,4,2,0,0,16,0,0,34,52,52,44,52,52,48,50,52,52,52,36,52
LU16,LU16_302,47,3,0,0,3,0,0,3,4,0,2,13,0,0,30,47,47,44,47,47,44,43,47,47,47,34,45
LU16,LU16_303,52,2,0,0,4,0,0,4,1,0,0,21,0,0,32,52,52,48,52,52,48,51,52,52,52,31,52
LU16,LU16_313,52,2,0,0,10,0,0,1,2,2,2,8,13,0,32,52,52,42,52,52,51,50,50,39,52,44,50
LU16,LU16_314,50,1,0,0,8,0,0,3,3,0,0,17,0,0,32,50,50,42,50,50,47,47,50,50,50,33,50
LU16,LU16_36,52,17,0,0,11,0,3,12,0,0,17,28,2,0,17,52,52,41,52,49,40,52,52,50,52,24,35
LU16,LU16_37,50,17,0,0,0,0,2,0,13,0,4,4,6,0,17,50,50,50,50,48,50,37,50,44,50,46,46
LU16,LU16_49,51,3,0,0,16,1,4,1,0,1,5,3,15,0,30,51,51,35,50,47,50,51,50,36,51,48,46
LU16,LU16_52,51,8,0,0,13,0,3,2,2,1,6,17,15,0,25,51,51,38,51,48,49,49,50,36,51,34,45
LU16,LU16_54,51,12,0,0,9,2,0,1,2,1,2,10,13,0,21,51,51,42,49,51,50,49,50,38,51,41,49
LU16,LU16_55,15,1,0,0,7,1,0,0,0,0,1,3,2,0,8,15,15,8,14,15,15,15,15,13,15,12,14
LU16,LU16_57,51,4,0,0,7,0,1,0,0,3,4,1,18,0,29,51,51,44,51,50,51,51,48,33,51,50,47
LU16,LU16_58,51,6,0,0,4,3,0,1,1,1,11,5,9,0,27,51,51,47,48,51,50,50,50,42,51,46,40
LU16,LU16_60,51,7,0,0,8,0,1,1,3,2,18,7,4,0,26,51,51,43,51,50,50,48,49,47,51,44,33
LU16,LU16_62,51,5,0,0,3,0,0,0,0,1,15,1,8,0,28,51,51,48,51,51,51,51,50,43,51,50,36
LU16,LU16_63,49,6,0,0,14,4,0,1,3,0,9,3,1,0,27,49,49,35,45,49,48,46,49,48,49,46,40
LU16,LU16_67,51,4,0,0,16,7,0,2,0,0,13,3,0,1,29,51,51,35,44,51,49,51,51,51,50,48,38
LU16,LU16_68,51,1,0,0,1,0,0,0,0,1,6,0,0,0,32,51,51,50,51,51,51,51,50,51,51,51,45
LU16,LU16_69,51,13,0,0,1,0,0,1,2,0,4,2,0,0,20,51,51,50,51,51,50,49,51,51,51,49,47
LU16,LU16_70,51,11,0,0,4,0,1,0,3,1,17,0,1,0,22,51,51,47,51,50,51,48,50,50,51,51,34
LU16,LU16_71,51,0,0,0,1,0,0,0,0,3,9,0,1,0,33,51,51,50,51,51,51,51,48,50,51,51,42
LU16,LU16_72,51,6,0,0,4,2,0,5,3,1,32,24,2,0,27,51,51,47,49,51,46,48,50,49,51,27,19
LU16,LU16_73,51,4,0,0,1,0,0,1,3,0,35,3,4,0,29,51,51,50,51,51,50,48,51,47,51,48,16
LU16,LU16_74,51,11,0,0,7,1,0,14,2,0,49,48,1,0,22,51,51,44,50,51,37,49,51,50,51,3,2
LU16,LU16_75,51,0,0,0,5,0,1,0,0,2,1,0,5,0,33,51,51,46,51,50,51,51,49,46,51,51,50
LU16,LU16_77,51,4,1,0,0,0,0,0,0,15,3,0,2,0,29,50,51,51,51,51,51,51,36,49,51,51,48
LU16,LU16_80,51,2,0,0,3,0,1,0,1,8,0,0,5,0,31,51,51,48,51,50,51,50,43,46,51,51,51
LU16,LU16_81,48,1,0,0,1,0,0,0,0,13,14,0,1,0,32,48,48,47,48,48,48,48,35,47,48,48,34
LU16,LU16_83,51,8,0,0,5,3,0,2,6,0,13,8,3,0,25,51,51,46,48,51,49,45,51,48,51,43,38
LU16,LU16_84,51,8,0,0,5,1,1,4,2,2,12,15,5,0,25,51,51,46,50,50,47,49,49,46,51,36,39
LU16,LU16_85,51,12,0,0,2,1,0,1,3,0,8,25,7,0,21,51,51,49,50,51,50,48,51,44,51,26,43
LU16,LU16_88,51,8,1,0,5,0,3,3,1,4,11,2,0,2,25,50,51,46,51,48,48,50,47,51,49,49,40
LU2,LU2_100,29,1,0,0,3,3,0,4,0,5,3,5,20,0,19,29,29,26,26,29,25,29,24,9,29,24,26
LU2,LU2_101,30,5,0,0,10,1,0,3,0,0,2,14,24,0,16,30,30,20,29,30,27,30,30,6,30,16,28
LU2,LU2_106,30,2,0,0,13,0,0,0,1,0,6,13,14,0,19,30,30,17,30,30,30,29,30,16,30,17,24
LU2,LU2_110,61,4,0,0,4,2,0,5,0,0,1,25,18,0,40,61,61,57,59,61,56,61,61,43,61,36,60
LU2,LU2_119,60,6,0,1,19,1,0,8,3,0,0,41,18,0,37,60,59,41,59,60,52,57,60,42,60,19,60
LU2,LU2_123,29,6,0,0,0,1,0,0,3,1,7,0,9,0,14,29,29,29,28,29,29,26,28,20,29,29,22
LU2,LU2_13,30,1,0,0,5,1,1,2,0,0,4,18,10,0,20,30,30,25,29,29,28,30,30,20,30,12,26
LU2,LU2_137,61,2,0,1,6,0,0,0,1,0,0,6,34,0,42,61,60,55,61,61,61,60,61,27,61,55,61
LU2,LU2_143,61,13,0,0,4,1,2,3,5,0,1,4,25,0,31,61,61,57,60,59,58,56,61,36,61,57,60
LU2,LU2_15,30,1,0,0,0,0,0,0,0,0,0,0,2,0,20,30,30,30,30,30,30,30,30,28,30,30,30
LU2,LU2_153,61,9,0,0,5,0,1,0,1,0,0,0,43,0,35,61,61,56,61,60,61,60,61,18,61,61,61
LU2,LU2_155,61,5,0,1,1,0,2,0,2,0,0,5,41,0,39,61,60,60,61,59,61,59,61,20,61,56,61
LU2,LU2_17,61,11,0,1,4,0,4,0,5,0,2,35,29,0,33,61,60,57,61,57,61,56,61,32,61,26,59
LU2,LU2_18,61,6,0,0,2,2,3,6,2,0,3,39,19,0,38,61,61,59,59,58,55,59,61,42,61,22,58
LU2,LU2_20,60,10,0,1,3,0,0,0,3,0,0,0,31,0,33,60,59,57,60,60,60,57,60,29,60,60,60
LU2,LU2_21,60,11,0,0,1,6,0,1,3,0,5,9,22,0,32,60,60,59,54,60,59,57,60,38,60,51,55
LU2,LU2_24,61,10,0,0,5,0,1,1,0,0,2,29,26,0,34,61,61,56,61,60,60,61,61,35,61,32,59
LU2,LU2_25,61,8,0,3,8,8,0,1,1,0,16,20,16,0,36,61,58,53,53,61,60,60,61,45,61,41,45
LU2,LU2_26,61,11,0,3,0,0,1,0,1,0,0,1,47,0,33,61,58,61,61,60,61,60,61,14,61,60,61
LU2,LU2_27,30,3,0,0,0,2,1,1,0,2,0,11,8,0,18,30,30,30,28,29,29,30,28,22,30,19,30
LU2,LU2_29,29,5,0,0,2,1,0,1,1,0,0,3,15,0,15,29,29,27,28,29,28,28,29,14,29,26,29
LU2,LU2_3,29,3,0,0,1,2,0,0,0,0,0,2,18,0,17,29,29,28,27,29,29,29,29,11,29,27,29
LU2,LU2_30,29,5,0,0,4,0,0,0,2,0,0,0,18,0,15,29,29,25,29,29,29,27,29,11,29,29,29
LU2,LU2_31,29,11,0,0,1,0,0,0,0,0,1,10,13,0,9,29,29,28,29,29,29,29,29,16,29,19,28
LU2,LU2_32,30,5,0,0,2,3,0,0,1,0,0,3,12,0,16,30,30,28,27,30,30,29,30,18,30,27,30
LU2,LU2_33,29,5,0,1,5,0,0,3,0,0,2,27,15,0,15,29,28,24,29,29,26,29,29,14,29,2,27
LU2,LU2_34,30,5,0,0,8,8,1,1,2,0,0,12,13,0,16,30,30,22,22,29,29,28,30,17,30,18,30
LU2,LU2_36,28,3,0,0,0,3,0,0,7,0,0,0,14,0,18,28,28,28,25,28,28,21,28,14,28,28,28
LU2,LU2_38,60,6,0,0,1,0,0,1,1,0,0,0,9,0,37,60,60,59,60,60,59,59,60,51,60,60,60
LU2,LU2_39,61,9,0,9,10,0,0,2,1,0,25,44,32,0,35,61,52,51,61,61,59,60,61,29,61,17,36
LU2,LU2_40,61,6,0,0,1,0,2,1,1,0,0,9,44,0,38,61,61,60,61,59,60,60,61,17,61,52,61
LU2,LU2_42,61,10,0,0,2,6,2,2,1,0,1,31,20,0,34,61,61,59,55,59,59,60,61,41,61,30,60
LU2,LU2_44,61,2,0,0,0,0,0,0,0,0,0,2,7,0,42,61,61,61,61,61,61,61,61,54,61,59,61
LU2,LU2_46,61,16,0,1,2,0,3,0,0,0,5,4,44,0,28,61,60,59,61,58,61,61,61,17,61,57,56
LU2,LU2_47,60,2,0,0,2,0,0,0,0,0,0,1,36,0,42,60,60,58,60,60,60,60,60,24,60,59,60
LU2,LU2_5,30,3,0,1,0,0,0,0,0,0,0,0,3,0,18,30,29,30,30,30,30,30,30,27,30,30,30
LU2,LU2_50,61,5,0,1,12,0,0,0,0,2,5,44,37,0,39,61,60,49,61,61,61,61,59,24,61,17,56
LU2,LU2_51,61,3,0,1,3,0,0,0,2,1,1,0,38,0,41,61,60,58,61,61,61,59,60,23,61,61,60
LU2,LU2_52,61,11,0,1,0,0,1,2,0,0,14,26,26,0,33,61,60,61,61,60,59,61,61,35,61,35,47
LU2,LU2_54,61,6,0,0,2,0,3,2,0,0,1,8,47,0,38,61,61,59,61,58,59,61,61,14,61,53,60
LU2,LU2_56,61,9,0,0,0,0,1,0,0,1,2,3,33,0,35,61,61,61,61,60,61,61,60,28,61,58,59
LU2,LU2_57,61,15,0,0,0,0,0,0,0,4,4,0,43,0,29,61,61,61,61,61,61,61,57,18,61,61,57
LU21,LU21_10,53,1,0,0,0,1,2,0,8,1,5,0,14,0,35,53,53,53,52,51,53,45,52,39,53,53,48
LU21,LU21_100,50,24,0,0,0,0,4,0,2,0,6,0,11,0,12,50,50,50,50,46,50,48,50,39,50,50,44
LU21,LU21_105,51,0,0,0,1,0,0,2,3,0,0,0,6,0,36,51,51,50,51,51,49,48,51,45,51,51,51
LU21,LU21_106,53,21,0,0,2,0,1,1,3,0,1,10,16,0,15,53,53,51,53,52,52,50,53,37,53,43,52
LU21,LU21_107,53,14,1,0,2,0,1,1,2,0,3,3,10,0,22,52,53,51,53,52,52,51,53,43,53,50,50
LU21,LU21_109,53,1,0,0,1,0,0,3,0,0,1,2,6,0,35,53,53,52,53,53,50,53,53,47,53,51,52
LU21,LU21_114,47,5,0,0,0,0,0,0,3,0,3,0,7,0,31,47,47,47,47,47,47,44,47,40,47,47,44
LU21,LU21_116,51,13,0,0,0,2,2,0,5,0,1,0,23,0,23,51,51,51,49,49,51,46,51,28,51,51,50
LU21,LU21_119,52,3,0,1,0,0,0,3,5,0,1,19,14,0,34,52,51,52,52,52,49,47,52,38,52,33,51
LU21,LU21_122,53,5,0,0,0,1,4,1,2,0,0,2,9,0,31,53,53,53,52,49,52,51,53,44,53,51,53
LU21,LU21_126,51,5,5,0,0,0,2,0,8,0,0,1,0,0,31,46,51,51,51,49,51,43,51,51,51,50,51
LU21,LU21_14,47,8,0,0,0,2,2,2,6,0,3,3,14,0,27,47,47,47,45,45,45,41,47,33,47,44,44
LU21,LU21_153,53,0,0,0,1,0,0,1,0,0,0,6,0,0,36,53,53,52,53,53,52,53,53,53,53,47,53
LU21,LU21_16,53,17,0,0,0,7,0,4,7,0,37,16,10,0,19,53,53,53,46,53,49,46,53,43,53,37,16
LU21,LU21_164,50,18,0,0,5,0,0,0,3,6,0,0,16,0,18,50,50,45,50,50,50,47,44,34,50,50,50
LU21,LU21_21,51,5,0,0,0,1,0,0,7,0,0,0,25,0,31,51,51,51,50,51,51,44,51,26,51,51,51
LU21,LU21_23,49,3,0,0,0,0,0,1,1,0,6,4,2,0,33,49,49,49,49,49,48,48,49,47,49,45,43
LU21,LU21_27,53,4,3,0,0,8,1,0,1,0,0,0,2,0,32,50,53,53,45,52,53,52,53,51,53,53,53
LU21,LU21_32,51,2,2,0,0,0,0,0,6,0,0,0,0,0,34,49,51,51,51,51,51,45,51,51,51,51,51
LU21,LU21_36,53,12,0,0,2,2,6,0,7,0,0,0,18,0,24,53,53,51,51,47,53,46,53,35,53,53,53
LU21,LU21_41,50,1,3,0,0,2,0,2,3,0,4,11,1,0,35,47,50,50,48,50,48,47,50,49,50,39,46
LU21,LU21_52,53,17,0,0,3,0,2,14,3,0,2,15,14,0,19,53,53,50,53,51,39,50,53,39,53,38,51
LU21,LU21_56,53,3,0,0,0,0,2,7,2,0,1,1,20,0,33,53,53,53,53,51,46,51,53,33,53,52,52
LU21,LU21_57,51,3,0,0,0,2,0,0,11,0,0,3,13,0,33,51,51,51,49,51,51,40,51,38,51,48,51
LU21,LU21_59,54,3,0,0,0,0,2,0,16,0,0,0,9,0,34,54,54,54,54,52,54,38,54,45,54,54,54
LU21,LU21_6,45,13,0,0,0,1,2,8,2,0,10,27,5,0,23,45,45,45,44,43,37,43,45,40,45,18,35
LU21,LU21_63,38,0,0,0,3,1,1,1,2,2,0,0,8,0,21,38,38,35,37,37,37,36,36,30,38,38,38
LU21,LU21_68,54,15,0,0,7,0,1,0,9,3,6,3,20,0,22,54,54,47,54,53,54,45,51,34,54,51,48
LU21,LU21_74,53,5,0,0,0,2,0,0,7,0,7,10,13,0,31,53,53,53,51,53,53,46,53,40,53,43,46
LU21,LU21_78,50,15,0,0,0,0,3,0,11,0,1,0,29,0,21,50,50,50,50,47,50,39,50,21,50,50,49
LU21,LU21_82,51,10,0,0,3,1,0,3,5,0,3,1,21,0,26,51,51,48,50,51,48,46,51,30,51,50,48
LU21,LU21_871,51,20,0,0,2,1,2,4,13,0,0,1,31,0,15,51,51,49,50,49,47,38,51,20,51,50,51
LU21,LU21_9,49,16,0,1,3,0,4,1,8,0,3,0,24,0,19,49,48,46,49,45,48,41,49,25,49,49,46
LU21,LU21_93,54,9,0,0,8,2,3,3,4,0,14,12,27,0,28,54,54,46,52,51,51,50,54,27,54,42,40
LU21,LU21_97,51,12,0,0,0,0,1,0,10,0,1,0,15,0,25,51,51,51,51,50,51,41,51,36,51,51,50
LU21,LU21_98,53,7,0,0,0,1,0,0,5,0,1,0,3,0,29,53,53,53,52,53,53,48,53,50,53,53,52
LU22,LU22_101,50,3,0,0,0,0,1,0,3,0,0,0,2,0,29,50,50,50,50,49,50,47,50,48,50,50,50
LU22,LU22_103,51,3,0,0,2,2,0,1,0,0,0,6,2,0,30,51,51,49,49,51,50,51,51,49,51,45,51
LU22,LU22_107,51,2,0,0,0,2,0,0,0,0,0,32,3,0,31,51,51,51,49,51,51,51,51,48,51,19,51
LU22,LU22_11,51,1,0,0,1,1,2,4,0,0,35,36,1,0,32,51,51,50,50,49,47,51,51,50,51,15,16
LU22,LU22_110,46,9,0,0,7,3,0,2,0,0,2,4,5,0,23,46,46,39,43,46,44,46,46,41,46,42,44
LU22,LU22_15,51,4,0,0,0,6,0,0,0,0,20,13,2,0,29,51,51,51,45,51,51,51,51,49,51,38,31
LU22,LU22_17,48,1,0,0,3,2,0,0,0,0,1,3,2,0,32,48,48,45,46,48,48,48,48,46,48,45,47
LU22,LU22_18,51,16,0,0,6,4,0,3,1,0,1,5,1,0,17,51,51,45,47,51,48,50,51,50,51,46,50
LU22,LU22_21,51,3,0,0,3,2,2,3,0,0,1,5,1,0,30,51,51,48,49,49,48,51,51,50,51,46,50
LU22,LU22_22,49,1,0,0,9,1,3,1,0,0,5,2,0,0,32,49,49,40,48,46,48,49,49,49,49,47,44
LU22,LU22_25,51,5,0,0,1,1,0,0,0,0,0,8,2,0,28,51,51,50,50,51,51,51,51,49,51,43,51
LU22,LU22_29,51,3,0,0,3,3,1,2,1,0,0,6,2,0,30,51,51,48,48,50,49,50,51,49,51,45,51
LU22,LU22_30,51,6,0,0,2,19,1,0,0,0,4,5,1,0,27,51,51,49,32,50,51,51,51,50,51,46,47
LU22,LU22_32,51,6,0,0,3,1,1,0,0,0,2,13,3,0,27,51,51,48,50,50,51,51,51,48,51,38,49
LU22,LU22_33,51,3,0,0,1,2,0,5,0,0,6,24,2,0,30,51,51,50,49,51,46,51,51,49,51,27,45
LU22,LU22_34,49,3,0,0,0,2,0,3,0,0,0,0,3,0,30,49,49,49,47,49,46,49,49,46,49,49,49
LU22,LU22_35,51,7,0,0,1,8,0,0,0,0,3,0,1,0,26,51,51,50,43,51,51,51,51,50,51,51,48
LU22,LU22_36,51,3,0,0,16,3,1,0,0,0,2,15,0,0,30,51,51,35,48,50,51,51,51,51,51,36,49
LU22,LU22_38,19,0,0,0,3,2,0,1,0,0,2,0,0,0,11,19,19,16,17,19,18,19,19,19,19,19,17
LU22,LU22_4,49,2,0,0,1,0,0,1,0,0,0,9,0,0,31,49,49,48,49,49,48,49,49,49,49,40,49
LU22,LU22_40,50,2,0,0,1,4,0,0,0,2,46,1,0,0,30,50,50,49,46,50,50,50,48,50,50,49,4
LU22,LU22_44,48,5,0,0,12,3,0,1,0,0,0,13,7,0,28,48,48,36,45,48,47,48,48,41,48,35,48
LU22,LU22_46,47,2,0,0,1,1,1,0,0,0,2,0,2,0,30,47,47,46,46,46,47,47,47,45,47,47,45
LU22,LU22_47,50,7,0,0,3,1,0,0,0,0,9,3,5,0,25,50,50,47,49,50,50,50,50,45,50,47,41
LU22,LU22_48,51,6,0,0,2,6,0,1,0,0,5,2,9,0,27,51,51,49,45,51,50,51,51,42,51,49,46
LU22,LU22_49,51,6,0,0,1,2,0,0,0,0,1,2,6,0,27,51,51,50,49,51,51,51,51,45,51,49,50
LU22,LU22_5,48,7,0,0,3,2,0,0,1,0,21,16,0,0,26,48,48,45,46,48,48,47,48,48,48,32,27
LU22,LU22_50,48,2,0,0,1,4,1,0,1,0,3,0,3,0,31,48,48,47,44,47,48,47,48,45,48,48,45
LU22,LU22_53,50,8,0,0,2,0,0,0,0,0,8,12,2,0,24,50,50,48,50,50,50,50,50,48,50,38,42
LU22,LU22_6,4,0,0,0,0,0,0,0,0,0,0,0,0,0,4,4,4,4,4,4,4,4,4,4,4,4,4
LU22,LU22_60,48,2,0,0,2,0,1,0,0,0,2,4,2,0,30,48,48,46,48,47,48,48,48,46,48,44,46
LU22,LU22_61,44,1,0,0,0,3,0,0,0,0,2,17,0,0,29,44,44,44,41,44,44,44,44,44,44,27,42
LU22,LU22_63,51,1,0,0,3,1,0,1,0,0,24,0,0,0,32,51,51,48,50,51,50,51,51,51,51,51,27
LU22,LU22_65,50,4,0,0,1,0,0,0,1,0,10,2,0,0,28,50,50,49,50,50,50,49,50,50,50,48,40
LU22,LU22_69,51,2,0,0,12,1,1,2,0,0,25,23,2,0,31,51,51,39,50,50,49,51,51,49,51,28,26
LU22,LU22_7,50,3,0,0,0,1,1,1,1,0,7,5,1,0,29,50,50,50,49,49,49,49,50,49,50,45,43
LU22,LU22_70,50,5,0,0,3,1,0,0,0,0,2,0,10,0,27,50,50,47,49,50,50,50,50,40,50,50,48
LU22,LU22_71,50,0,0,0,2,4,0,0,0,0,14,0,4,0,32,50,50,48,46,50,50,50,50,46,50,50,36
LU22,LU22_72,46,1,0,0,0,0,0,0,1,0,6,1,4,0,31,46,46,46,46,46,46,45,46,42,46,45,40
LU22,LU22_76,51,2,0,0,3,14,0,3,0,0,13,7,2,0,31,51,51,48,37,51,48,51,51,49,51,44,38
LU22,LU22_77,50,3,0,0,1,1,2,0,1,0,3,0,1,0,29,50,50,49,49,48,50,49,50,49,50,50,47
LU22,LU22_8,51,7,0,0,0,4,0,1,0,0,0,1,1,0,26,51,51,51,47,51,50,51,51,50,51,50,51
LU22,LU22_80,51,3,0,0,2,8,0,0,1,0,0,39,0,0,30,51,51,49,43,51,51,50,51,51,51,12,51
LU22,LU22_81,50,2,0,0,8,6,0,0,0,0,1,5,1,1,31,50,50,42,44,50,50,50,50,49,49,45,49
LU22,LU22_82,50,0,0,0,7,0,0,1,1,0,1,12,1,0,32,50,50,43,50,50,49,49,50,49,50,38,49
LU22,LU22_85,51,2,0,0,15,1,0,6,0,0,1,9,3,0,31,51,51,36,50,51,45,51,51,48,51,42,50
LU22,LU22_86,51,3,0,0,1,2,0,3,3,0,0,0,0,0,30,51,51,50,49,51,48,48,51,51,51,51,51
LU22,LU22_87,51,0,0,0,3,1,1,0,0,0,4,6,2,0,33,51,51,48,50,50,51,51,51,49,51,45,47
LU22,LU22_89,51,1,0,0,14,2,0,7,1,0,5,36,1,0,32,51,51,37,49,51,44,50,51,50,51,15,46
LU22,LU22_94,50,7,0,0,17,4,0,0,0,0,5,2,0,0,25,50,50,33,46,50,50,50,50,50,50,48,45
LU3,LU3_10,30,6,0,0,8,2,0,3,1,0,0,20,6,0,15,30,30,22,28,30,27,29,30,24,30,10,30
LU3,LU3_102,48,4,1,0,1,0,0,3,0,0,3,5,5,0,27,47,48,47,48,48,45,48,48,43,48,43,45
LU3,LU3_103,48,2,1,0,1,0,0,3,2,0,1,3,1,0,29,47,48,47,48,48,45,46,48,47,48,45,47
LU3,LU3_111,30,5,0,0,0,1,1,1,0,0,0,2,9,0,16,30,30,30,29,29,29,30,30,21,30,28,30
LU3,LU3_126,48,2,0,0,1,0,0,1,0,0,2,2,1,0,29,48,48,47,48,48,47,48,48,47,48,46,46
LU3,LU3_129,30,2,0,0,0,0,0,0,0,0,0,1,21,0,19,30,30,30,30,30,30,30,30,9,30,29,30
LU3,LU3_13,48,11,1,0,4,0,0,9,1,0,5,10,6,0,20,47,48,44,48,48,39,47,48,42,48,38,43
LU3,LU3_131,48,1,0,0,0,1,0,6,2,0,0,7,7,0,30,48,48,48,47,48,42,46,48,41,48,41,48
LU3,LU3_137,30,4,0,0,2,1,0,2,1,0,2,6,4,0,17,30,30,28,29,30,28,29,30,26,30,24,28
LU3,LU3_14,30,3,0,0,1,0,0,1,1,0,0,1,5,0,18,30,30,29,30,30,29,29,30,25,30,29,30
LU3,LU3_147,30,5,0,0,2,1,0,1,1,0,0,2,20,0,16,30,30,28,29,30,29,29,30,10,30,28,30
LU3,LU3_15,48,0,0,0,3,1,0,6,1,0,3,8,1,0,31,48,48,45,47,48,42,47,48,47,48,40,45
LU3,LU3_17,48,3,0,0,1,0,1,3,0,0,0,14,6,0,28,48,48,47,48,47,45,48,48,42,48,34,48
LU3,LU3_18,48,2,1,0,2,0,0,1,0,0,0,6,0,0,29,47,48,46,48,48,47,48,48,48,48,42,48
LU3,LU3_19,48,3,12,0,1,0,0,2,1,0,0,2,15,0,28,36,48,47,48,48,46,47,48,33,48,46,48
LU3,LU3_20,30,1,1,0,2,0,0,2,0,0,0,5,7,0,20,29,30,28,30,30,28,30,30,23,30,25,30
LU3,LU3_21,30,2,2,0,5,0,0,5,1,0,0,10,13,0,19,28,30,25,30,30,25,29,30,17,30,20,30
LU3,LU3_25,30,5,3,0,6,1,0,3,0,0,3,13,11,0,16,27,30,24,29,30,27,30,30,19,30,17,27
LU3,LU3_27,30,3,0,0,2,0,0,1,1,0,0,0,11,0,18,30,30,28,30,30,29,29,30,19,30,30,30
LU3,LU3_28,30,3,0,0,7,0,0,2,0,0,0,1,18,0,18,30,30,23,30,30,28,30,30,12,30,29,30
LU3,LU3_32,30,9,0,0,0,0,0,1,0,0,0,0,22,0,12,30,30,30,30,30,29,30,30,8,30,30,30
LU3,LU3_36,30,7,0,0,1,0,0,0,5,0,1,6,10,0,14,30,30,29,30,30,30,25,30,20,30,24,29
LU3,LU3_38,30,2,0,0,0,1,0,1,0,0,0,0,0,0,19,30,30,30,29,30,29,30,30,30,30,30,30
LU3,LU3_39,30,2,0,0,1,0,0,6,1,0,0,1,10,0,19,30,30,29,30,30,24,29,30,20,30,29,30
LU3,LU3_40,30,1,1,0,4,0,0,0,0,0,0,0,3,0,20,29,30,26,30,30,30,30,30,27,30,30,30
LU3,LU3_41,30,3,0,0,6,0,0,0,0,0,0,1,5,0,18,30,30,24,30,30,30,30,30,25,30,29,30
LU3,LU3_44,48,1,0,0,1,0,1,2,2,0,2,18,11,0,30,48,48,47,48,47,46,46,48,37,48,30,46
LU3,LU3_45,30,6,0,0,3,1,0,1,0,0,0,8,8,0,15,30,30,27,29,30,29,30,30,22,30,22,30
LU3,LU3_46,30,4,0,0,1,2,0,2,1,0,1,4,6,0,17,30,30,29,28,30,28,29,30,24,30,26,29
LU3,LU3_48,48,6,0,0,10,0,0,11,0,0,3,34,2,0,25,48,48,38,48,48,37,48,48,46,48,14,45
LU3,LU3_49,30,5,0,0,2,0,0,2,0,0,0,2,15,0,16,30,30,28,30,30,28,30,30,15,30,28,30
LU3,LU3_5,48,2,2,0,0,0,0,4,0,1,0,9,6,0,29,46,48,48,48,48,44,48,47,42,48,39,48
LU3,LU3_50,30,6,0,0,3,0,0,1,0,0,0,1,13,0,15,30,30,27,30,30,29,30,30,17,30,29,30
LU3,LU3_51,30,5,2,0,2,1,0,2,0,0,0,2,22,0,16,28,30,28,29,30,28,30,30,8,30,28,30
LU3,LU3_52,30,4,0,0,18,2,0,2,1,0,12,1,27,0,17,30,30,12,28,30,28,29,30,3,30,29,18
LU3,LU3_7,48,5,0,0,8,0,2,5,0,0,8,16,7,0,26,48,48,40,48,46,43,48,48,41,48,32,40
LU9,LU9_100,52,0,0,0,1,1,0,1,0,0,2,0,1,0,34,52,52,51,51,52,51,52,52,51,52,52,50
LU9,LU9_102,51,1,0,0,4,1,0,0,0,0,5,5,11,0,32,51,51,47,50,51,51,51,51,40,51,46,46
LU9,LU9_106,52,1,1,0,16,0,0,4,0,0,21,5,4,0,33,51,52,36,52,52,48,52,52,48,52,47,31
LU9,LU9_112,52,0,1,0,1,2,1,0,0,3,7,5,4,0,34,51,52,51,50,51,52,52,49,48,52,47,45
LU9,LU9_113,51,0,9,0,1,0,0,0,0,0,4,0,0,0,34,42,51,50,51,51,51,51,51,51,51,51,47
LU9,LU9_12,51,7,0,0,18,0,2,0,0,1,6,6,23,0,26,51,51,33,51,49,51,51,50,28,51,45,45
LU9,LU9_13,51,1,0,0,0,0,5,1,0,0,3,0,6,0,32,51,51,51,51,46,50,51,51,45,51,51,48
LU9,LU9_18,51,0,0,0,4,1,0,0,0,3,9,2,21,0,33,51,51,47,50,51,51,51,48,30,51,49,42
LU9,LU9_21,51,2,0,0,10,0,3,0,0,0,1,0,26,0,31,51,51,41,51,48,51,51,51,25,51,51,50
LU9,LU9_24,51,6,0,0,3,2,2,2,0,0,1,12,27,0,27,51,51,48,49,49,49,51,51,24,51,39,50
LU9,LU9_27,51,8,2,0,21,6,1,6,0,0,30,32,12,0,25,49,51,30,45,50,45,51,51,39,51,19,21
LU9,LU9_28,51,1,0,0,5,2,0,0,0,2,9,4,22,0,32,51,51,46,49,51,51,51,49,29,51,47,42
LU9,LU9_29,51,7,0,0,11,1,1,3,0,1,18,0,34,0,26,51,51,40,50,50,48,51,50,17,51,51,33
LU9,LU9_30,51,2,0,0,11,1,4,0,1,0,2,16,23,0,31,51,51,40,50,47,51,50,51,28,51,35,49
LU9,LU9_31,51,4,0,0,6,0,0,2,0,0,1,1,20,0,29,51,51,45,51,51,49,51,51,31,51,50,50
LU9,LU9_32,51,6,0,0,20,1,2,4,0,0,0,23,32,0,27,51,51,31,50,49,47,51,51,19,51,28,51
LU9,LU9_33,51,4,0,0,23,2,7,0,0,2,2,0,15,0,29,51,51,28,49,44,51,51,49,36,51,51,49
LU9,LU9_39,51,3,0,0,2,2,0,2,0,0,16,34,3,0,30,51,51,49,49,51,49,51,51,48,51,17,35
LU9,LU9_41,51,4,0,0,5,0,0,0,0,1,0,1,23,0,29,51,51,46,51,51,51,51,50,28,51,50,51
LU9,LU9_44,51,1,3,0,4,0,0,1,1,0,0,12,1,0,32,48,51,47,51,51,50,50,51,50,51,39,51
LU9,LU9_5,51,0,0,0,14,0,0,0,0,0,3,0,2,0,33,51,51,37,51,51,51,51,51,49,51,51,48
LU9,LU9_51,51,0,2,0,0,1,0,2,0,0,15,41,3,0,33,49,51,51,50,51,49,51,51,48,51,10,36
LU9,LU9_55,51,3,0,0,4,1,0,1,0,0,14,3,10,0,30,51,51,47,50,51,50,51,51,41,51,48,37
LU9,LU9_57,51,0,0,0,0,0,0,1,2,0,2,3,4,0,33,51,51,51,51,51,50,49,51,47,51,48,49
LU9,LU9_6,50,3,0,0,14,0,1,0,1,0,1,2,13,0,30,50,50,36,50,49,50,49,50,37,50,48,49
LU9,LU9_62,51,2,0,0,1,0,0,0,0,0,1,0,45,0,31,51,51,50,51,51,51,51,51,6,51,51,50
LU9,LU9_63,51,6,0,0,3,0,0,0,0,0,0,0,38,0,27,51,51,48,51,51,51,51,51,13,51,51,51
LU9,LU9_64,51,2,0,0,6,3,2,2,0,0,3,6,26,0,31,51,51,45,48,49,49,51,51,25,51,45,48
LU9,LU9_65,51,4,1,0,16,1,0,3,1,0,26,7,4,0,29,50,51,35,50,51,48,50,51,47,51,44,25
LU9,LU9_67,50,0,8,0,1,0,0,0,0,0,0,0,0,0,33,42,50,49,50,50,50,50,50,50,50,50,50
LU9,LU9_68,51,2,0,0,1,1,0,0,0,0,4,0,6,0,31,51,51,50,50,51,51,51,51,45,51,51,47
LU9,LU9_7,51,4,0,0,21,2,2,0,0,1,0,2,24,0,29,51,51,30,49,49,51,51,50,27,51,49,51
LU9,LU9_72,51,7,0,0,16,1,3,0,0,0,3,20,27,0,26,51,51,35,50,48,51,51,51,24,51,31,48
LU9,LU9_73,51,3,0,0,9,2,0,0,0,0,5,3,14,0,30,51,51,42,49,51,51,51,51,37,51,48,46
LU9,LU9_75,51,0,1,0,6,1,1,4,0,0,26,16,6,0,33,50,51,45,50,50,47,51,51,45,51,35,25
LU9,LU9_76,51,3,1,0,10,0,1,2,1,0,5,8,19,0,30,50,51,41,51,50,49,50,51,32,51,43,46
LU9,LU9_77,51,2,2,0,4,0,0,3,0,0,1,5,9,0,31,49,51,47,51,51,48,51,51,42,51,46,50
LU9,LU9_79,51,3,0,0,7,0,2,5,0,1,8,4,15,0,30,51,51,44,51,49,46,51,50,36,51,47,43
LU9,LU9_8,51,5,0,0,13,0,2,0,0,0,0,1,25,0,28,51,51,38,51,49,51,51,51,26,51,50,51
LU9,LU9_80,51,5,0,0,24,3,0,1,0,0,17,5,20,0,28,51,51,27,48,51,50,51,51,31,51,46,34
LU9,LU9_81,21,0,0,0,1,2,0,1,0,0,5,14,4,0,11,21,21,20,19,21,20,21,21,17,21,7,16
LU9,LU9_82,51,5,1,0,5,1,3,1,1,0,0,0,6,0,28,50,51,46,50,48,50,50,51,45,51,51,51
LU9,LU9_85,51,3,0,1,13,0,5,3,0,1,5,3,18,1,30,51,50,38,51,46,48,51,50,33,50,48,46
LU9,LU9_86,51,4,0,0,5,1,2,1,0,1,4,0,8,1,29,51,51,46,50,49,50,51,50,43,50,51,47
LU9,LU9_87,51,1,0,0,11,1,0,0,0,0,1,36,5,0,32,51,51,40,50,51,51,51,51,46,51,15,50
LU9,LU9_90,52,3,7,0,4,0,1,2,0,0,0,2,0,0,31,45,52,48,52,51,50,52,52,52,52,50,52
LU9,LU9_93,51,4,0,0,10,0,0,0,0,3,1,0,38,0,29,51,51,41,51,51,51,51,48,13,51,51,50
LU9,LU9_94,51,1,0,0,4,0,6,1,1,0,1,0,28,0,32,51,51,47,51,45,50,50,51,23,51,51,50
LU9,LU9_96,51,2,1,0,4,2,0,0,0,0,0,9,8,0,31,50,51,47,49,51,51,51,51,43,51,42,51
LU9,LU9_98,51,1,3,0,7,2,0,2,0,0,3,3,0,0,32,48,51,44,49,51,49,51,51,51,51,48,48
